year,month,state,no_of_fires,date
1998,Jan,Acre,0,1/1/1998
1999,Jan,Acre,0,1/1/1999
2000,Jan,Acre,0,1/1/2000
2001,Jan,Acre,0,1/1/2001
2002,Jan,Acre,0,1/1/2002
2003,Jan,Acre,10,1/1/2003
2004,Jan,Acre,0,1/1/2004
2005,Jan,Acre,12,1/1/2005
2006,Jan,Acre,4,1/1/2006
2007,Jan,Acre,0,1/1/2007
2008,Jan,Acre,0,1/1/2008
2009,Jan,Acre,0,1/1/2009
2010,Jan,Acre,1,1/1/2010
2011,Jan,Acre,0,1/1/2011
2012,Jan,Acre,0,1/1/2012
2013,Jan,Acre,0,1/1/2013
2014,Jan,Acre,0,1/1/2014
2015,Jan,Acre,1,1/1/2015
2016,Jan,Acre,12,1/1/2016
2017,Jan,Acre,0,1/1/2017
1998,Feb,Acre,0,1/1/1998
1999,Feb,Acre,0,1/1/1999
2000,Feb,Acre,0,1/1/2000
2001,Feb,Acre,0,1/1/2001
2002,Feb,Acre,1,1/1/2002
2003,Feb,Acre,0,1/1/2003
2004,Feb,Acre,3,1/1/2004
2005,Feb,Acre,0,1/1/2005
2006,Feb,Acre,0,1/1/2006
2007,Feb,Acre,5,1/1/2007
2008,Feb,Acre,0,1/1/2008
2009,Feb,Acre,2,1/1/2009
2010,Feb,Acre,0,1/1/2010
2011,Feb,Acre,0,1/1/2011
2012,Feb,Acre,0,1/1/2012
2013,Feb,Acre,0,1/1/2013
2014,Feb,Acre,0,1/1/2014
2015,Feb,Acre,2,1/1/2015
2016,Feb,Acre,5,1/1/2016
2017,Feb,Acre,1,1/1/2017
1998,Mar,Acre,0,1/1/1998
1999,Mar,Acre,0,1/1/1999
2000,Mar,Acre,11,1/1/2000
2001,Mar,Acre,0,1/1/2001
2002,Mar,Acre,0,1/1/2002
2003,Mar,Acre,0,1/1/2003
2004,Mar,Acre,0,1/1/2004
2005,Mar,Acre,3,1/1/2005
2006,Mar,Acre,0,1/1/2006
2007,Mar,Acre,2,1/1/2007
2008,Mar,Acre,0,1/1/2008
2009,Mar,Acre,1,1/1/2009
2010,Mar,Acre,0,1/1/2010
2011,Mar,Acre,0,1/1/2011
2012,Mar,Acre,1,1/1/2012
2013,Mar,Acre,2,1/1/2013
2014,Mar,Acre,1,1/1/2014
2015,Mar,Acre,2,1/1/2015
2016,Mar,Acre,0,1/1/2016
2017,Mar,Acre,0,1/1/2017
1998,Apr,Acre,0,1/1/1998
1999,Apr,Acre,0,1/1/1999
2000,Apr,Acre,1,1/1/2000
2001,Apr,Acre,0,1/1/2001
2002,Apr,Acre,0,1/1/2002
2003,Apr,Acre,1,1/1/2003
2004,Apr,Acre,2,1/1/2004
2005,Apr,Acre,1,1/1/2005
2006,Apr,Acre,,1/1/2006
2007,Apr,Acre,0,1/1/2007
2008,Apr,Acre,0,1/1/2008
2009,Apr,Acre,0,1/1/2009
2010,Apr,Acre,3,1/1/2010
2011,Apr,Acre,2,1/1/2011
2012,Apr,Acre,1,1/1/2012
2013,Apr,Acre,19,1/1/2013
2014,Apr,Acre,7,1/1/2014
2015,Apr,Acre,3,1/1/2015
2016,Apr,Acre,0,1/1/2016
2017,Apr,Acre,1,1/1/2017
1998,May,Acre,0,1/1/1998
1999,May,Acre,0,1/1/1999
2000,May,Acre,1,1/1/2000
2001,May,Acre,0,1/1/2001
2002,May,Acre,0,1/1/2002
2003,May,Acre,6,1/1/2003
2004,May,Acre,7,1/1/2004
2005,May,Acre,2,1/1/2005
2006,May,Acre,8,1/1/2006
2007,May,Acre,1,1/1/2007
2008,May,Acre,0,1/1/2008
2009,May,Acre,3,1/1/2009
2010,May,Acre,9,1/1/2010
2011,May,Acre,3,1/1/2011
2012,May,Acre,3,1/1/2012
2013,May,Acre,4,1/1/2013
2014,May,Acre,1,1/1/2014
2015,May,Acre,2,1/1/2015
2016,May,Acre,21,1/1/2016
2017,May,Acre,10,1/1/2017
1998,Jun,Acre,3,1/1/1998
1999,Jun,Acre,0,1/1/1999
2000,Jun,Acre,1,1/1/2000
2001,Jun,Acre,1,1/1/2001
2002,Jun,Acre,0,1/1/2002
2003,Jun,Acre,0,1/1/2003
2004,Jun,Acre,5,1/1/2004
2005,Jun,Acre,27,1/1/2005
2006,Jun,Acre,1,1/1/2006
2007,Jun,Acre,4,1/1/2007
2008,Jun,Acre,,1/1/2008
2009,Jun,Acre,0,1/1/2009
2010,Jun,Acre,1,1/1/2010
2011,Jun,Acre,10,1/1/2011
2012,Jun,Acre,7,1/1/2012
2013,Jun,Acre,8,1/1/2013
2014,Jun,Acre,17,1/1/2014
2015,Jun,Acre,40,1/1/2015
2016,Jun,Acre,87,1/1/2016
2017,Jun,Acre,45,1/1/2017
1998,Jul,Acre,37,1/1/1998
1999,Jul,Acre,1,1/1/1999
2000,Jul,Acre,1,1/1/2000
2001,Jul,Acre,3,1/1/2001
2002,Jul,Acre,39,1/1/2002
2003,Jul,Acre,168,1/1/2003
2004,Jul,Acre,42,1/1/2004
2005,Jul,Acre,,1/1/2005
2006,Jul,Acre,33,1/1/2006
2007,Jul,Acre,29,1/1/2007
2008,Jul,Acre,41,1/1/2008
2009,Jul,Acre,31,1/1/2009
2010,Jul,Acre,126,1/1/2010
2011,Jul,Acre,93,1/1/2011
2012,Jul,Acre,71,1/1/2012
2013,Jul,Acre,54,1/1/2013
2014,Jul,Acre,60,1/1/2014
2015,Jul,Acre,109,1/1/2015
2016,Jul,Acre,533,1/1/2016
2017,Jul,Acre,457,1/1/2017
1998,Aug,Acre,130,1/1/1998
1999,Aug,Acre,63,1/1/1999
2000,Aug,Acre,136,1/1/2000
2001,Aug,Acre,396,1/1/2001
2002,Aug,Acre,728,1/1/2002
2003,Aug,Acre,1.976,1/1/2003
2004,Aug,Acre,645,1/1/2004
2005,Aug,Acre,4.198,1/1/2005
2006,Aug,Acre,839,1/1/2006
2007,Aug,Acre,960,1/1/2007
2008,Aug,Acre,445,1/1/2008
2009,Aug,Acre,194,1/1/2009
2010,Aug,Acre,1.682,1/1/2010
2011,Aug,Acre,425,1/1/2011
2012,Aug,Acre,739,1/1/2012
2013,Aug,Acre,679,1/1/2013
2014,Aug,Acre,1.1,1/1/2014
2015,Aug,Acre,1.397,1/1/2015
2016,Aug,Acre,2.188,1/1/2016
2017,Aug,Acre,1.493,1/1/2017
1998,Sep,Acre,509,1/1/1998
1999,Sep,Acre,209,1/1/1999
2000,Sep,Acre,265,1/1/2000
2001,Sep,Acre,290,1/1/2001
2002,Sep,Acre,1.949,1/1/2002
2003,Sep,Acre,3.942,1/1/2003
2004,Sep,Acre,1.978,1/1/2004
2005,Sep,Acre,4.253,1/1/2005
2006,Sep,Acre,2.37,1/1/2006
2007,Sep,Acre,2.08,1/1/2007
2008,Sep,Acre,1.666,1/1/2008
2009,Sep,Acre,1.265,1/1/2009
2010,Sep,Acre,2.531,1/1/2010
2011,Sep,Acre,1.204,1/1/2011
2012,Sep,Acre,1.996,1/1/2012
2013,Sep,Acre,2.136,1/1/2013
2014,Sep,Acre,2.175,1/1/2014
2015,Sep,Acre,2.928,1/1/2015
2016,Sep,Acre,3.586,1/1/2016
2017,Sep,Acre,3.429,1/1/2017
1998,Oct,Acre,44,1/1/1998
1999,Oct,Acre,60,1/1/1999
2000,Oct,Acre,18,1/1/2000
2001,Oct,Acre,137,1/1/2001
2002,Oct,Acre,687,1/1/2002
2003,Oct,Acre,740,1/1/2003
2004,Oct,Acre,461,1/1/2004
2005,Oct,Acre,547,1/1/2005
2006,Oct,Acre,316,1/1/2006
2007,Oct,Acre,203,1/1/2007
2008,Oct,Acre,652,1/1/2008
2009,Oct,Acre,565,1/1/2009
2010,Oct,Acre,292,1/1/2010
2011,Oct,Acre,97,1/1/2011
2012,Oct,Acre,348,1/1/2012
2013,Oct,Acre,258,1/1/2013
2014,Oct,Acre,406,1/1/2014
2015,Oct,Acre,905,1/1/2015
2016,Oct,Acre,509,1/1/2016
2017,Oct,Acre,1.508,1/1/2017
1998,Nov,Acre,0,1/1/1998
1999,Nov,Acre,0,1/1/1999
2000,Nov,Acre,0,1/1/2000
2001,Nov,Acre,1,1/1/2001
2002,Nov,Acre,86,1/1/2002
2003,Nov,Acre,15,1/1/2003
2004,Nov,Acre,,1/1/2004
2005,Nov,Acre,14,1/1/2005
2006,Nov,Acre,18,1/1/2006
2007,Nov,Acre,7,1/1/2007
2008,Nov,Acre,4,1/1/2008
2009,Nov,Acre,33,1/1/2009
2010,Nov,Acre,39,1/1/2010
2011,Nov,Acre,74,1/1/2011
2012,Nov,Acre,13,1/1/2012
2013,Nov,Acre,79,1/1/2013
2014,Nov,Acre,56,1/1/2014
2015,Nov,Acre,,1/1/2015
2016,Nov,Acre,46,1/1/2016
2017,Nov,Acre,98,1/1/2017
1998,Dec,Acre,7,1/1/1998
1999,Dec,Acre,0,1/1/1999
2000,Dec,Acre,0,1/1/2000
2001,Dec,Acre,0,1/1/2001
2002,Dec,Acre,1,1/1/2002
2003,Dec,Acre,1,1/1/2003
2004,Dec,Acre,7,1/1/2004
2005,Dec,Acre,2,1/1/2005
2006,Dec,Acre,0,1/1/2006
2007,Dec,Acre,0,1/1/2007
2008,Dec,Acre,0,1/1/2008
2009,Dec,Acre,1,1/1/2009
2010,Dec,Acre,0,1/1/2010
2011,Dec,Acre,4,1/1/2011
2012,Dec,Acre,1,1/1/2012
2013,Dec,Acre,3,1/1/2013
2014,Dec,Acre,6,1/1/2014
2015,Dec,Acre,8,1/1/2015
2016,Dec,Acre,6,1/1/2016
1998,Jan,alagoas,0,1/1/1998
1999,Jan,alagoas,58,1/1/1999
2000,Jan,alagoas,11,1/1/2000
2001,Jan,alagoas,5,1/1/2001
2002,Jan,alagoas,12,1/1/2002
2003,Jan,alagoas,150,1/1/2003
2004,Jan,alagoas,9,1/1/2004
2005,Jan,alagoas,83,1/1/2005
2006,Jan,alagoas,29,1/1/2006
2007,Jan,alagoas,33,1/1/2007
2008,Jan,alagoas,55,1/1/2008
2009,Jan,alagoas,104,1/1/2009
2010,Jan,alagoas,23,1/1/2010
2011,Jan,alagoas,41,1/1/2011
2012,Jan,alagoas,36,1/1/2012
2013,Jan,alagoas,49,1/1/2013
2014,Jan,alagoas,54,1/1/2014
2015,Jan,alagoas,81,1/1/2015
2016,Jan,alagoas,24,1/1/2016
2017,Jan,alagoas,38,1/1/2017
2017,Jan,alagoas,38,1/1/2017
1998,Feb,alagoas,0,1/1/1998
1999,Feb,alagoas,20,1/1/1999
2000,Feb,alagoas,16,1/1/2000
2001,Feb,alagoas,4,1/1/2001
2002,Feb,alagoas,15,1/1/2002
2003,Feb,alagoas,33,1/1/2003
2004,Feb,alagoas,7,1/1/2004
2005,Feb,alagoas,31,1/1/2005
2006,Feb,alagoas,14,1/1/2006
2007,Feb,alagoas,28,1/1/2007
2008,Feb,alagoas,74,1/1/2008
2009,Feb,alagoas,32,1/1/2009
2010,Feb,alagoas,26,1/1/2010
2011,Feb,alagoas,33,1/1/2011
2012,Feb,alagoas,41,1/1/2012
2013,Feb,alagoas,19,1/1/2013
2014,Feb,alagoas,29,1/1/2014
2015,Feb,alagoas,46,1/1/2015
2016,Feb,alagoas,14,1/1/2016
2017,Feb,alagoas,21,1/1/2017
1998,Mar,alagoas,0,1/1/1998
1999,Mar,alagoas,52,1/1/1999
2000,Mar,alagoas,32,1/1/2000
2001,Mar,alagoas,0,1/1/2001
2002,Mar,alagoas,27,1/1/2002
2003,Mar,alagoas,15,1/1/2003
2004,Mar,alagoas,16,1/1/2004
2005,Mar,alagoas,35,1/1/2005
2006,Mar,alagoas,37,1/1/2006
2007,Mar,alagoas,7,1/1/2007
2008,Mar,alagoas,31,1/1/2008
2009,Mar,alagoas,31,1/1/2009
2010,Mar,alagoas,70,1/1/2010
2011,Mar,alagoas,34,1/1/2011
2012,Mar,alagoas,44,1/1/2012
2013,Mar,alagoas,31,1/1/2013
2014,Mar,alagoas,28,1/1/2014
2015,Mar,alagoas,32,1/1/2015
2016,Mar,alagoas,9,1/1/2016
2017,Mar,alagoas,23,1/1/2017
1998,Apr,alagoas,0,1/1/1998
1999,Apr,alagoas,4,1/1/1999
2000,Apr,alagoas,20,1/1/2000
2001,Apr,alagoas,0,1/1/2001
2002,Apr,alagoas,6,1/1/2002
2003,Apr,alagoas,20,1/1/2003
2004,Apr,alagoas,6,1/1/2004
2005,Apr,alagoas,1,1/1/2005
2006,Apr,alagoas,2,1/1/2006
2007,Apr,alagoas,1,1/1/2007
2008,Apr,alagoas,18,1/1/2008
2009,Apr,alagoas,5,1/1/2009
2010,Apr,alagoas,3,1/1/2010
2011,Apr,alagoas,17,1/1/2011
2012,Apr,alagoas,18,1/1/2012
2013,Apr,alagoas,25,1/1/2013
2014,Apr,alagoas,16,1/1/2014
2015,Apr,alagoas,63,1/1/2015
2016,Apr,alagoas,13,1/1/2016
2017,Apr,alagoas,7,1/1/2017
1998,May,alagoas,0,1/1/1998
1999,May,alagoas,1,1/1/1999
2000,May,alagoas,1,1/1/2000
2001,May,alagoas,2,1/1/2001
2002,May,alagoas,1,1/1/2002
2003,May,alagoas,1,1/1/2003
2004,May,alagoas,3,1/1/2004
2005,May,alagoas,0,1/1/2005
2006,May,alagoas,0,1/1/2006
2007,May,alagoas,0,1/1/2007
2008,May,alagoas,0,1/1/2008
2009,May,alagoas,0,1/1/2009
2010,May,alagoas,0,1/1/2010
2011,May,alagoas,0,1/1/2011
2012,May,alagoas,21,1/1/2012
2013,May,alagoas,2,1/1/2013
2014,May,alagoas,1,1/1/2014
2015,May,alagoas,18,1/1/2015
2016,May,alagoas,4,1/1/2016
2017,May,alagoas,1,1/1/2017
1998,Jun,alagoas,0,1/1/1998
1999,Jun,alagoas,0,1/1/1999
2000,Jun,alagoas,0,1/1/2000
2001,Jun,alagoas,2,1/1/2001
2002,Jun,alagoas,0,1/1/2002
2003,Jun,alagoas,0,1/1/2003
2004,Jun,alagoas,0,1/1/2004
2005,Jun,alagoas,0,1/1/2005
2006,Jun,alagoas,0,1/1/2006
2007,Jun,alagoas,0,1/1/2007
2008,Jun,alagoas,0,1/1/2008
2009,Jun,alagoas,0,1/1/2009
2010,Jun,alagoas,0,1/1/2010
2011,Jun,alagoas,2,1/1/2011
2012,Jun,alagoas,4,1/1/2012
2013,Jun,alagoas,1,1/1/2013
2014,Jun,alagoas,2,1/1/2014
2015,Jun,alagoas,2,1/1/2015
2016,Jun,alagoas,5,1/1/2016
2017,Jun,alagoas,2,1/1/2017
1998,Jul,alagoas,0,1/1/1998
1999,Jul,alagoas,0,1/1/1999
2000,Jul,alagoas,0,1/1/2000
2001,Jul,alagoas,0,1/1/2001
2002,Jul,alagoas,5,1/1/2002
2003,Jul,alagoas,0,1/1/2003
2004,Jul,alagoas,0,1/1/2004
2005,Jul,alagoas,0,1/1/2005
2006,Jul,alagoas,0,1/1/2006
2007,Jul,alagoas,0,1/1/2007
2008,Jul,alagoas,0,1/1/2008
2009,Jul,alagoas,0,1/1/2009
2010,Jul,alagoas,2,1/1/2010
2011,Jul,alagoas,0,1/1/2011
2012,Jul,alagoas,0,1/1/2012
2013,Jul,alagoas,0,1/1/2013
2014,Jul,alagoas,1,1/1/2014
2015,Jul,alagoas,0,1/1/2015
2016,Jul,alagoas,3,1/1/2016
2017,Jul,alagoas,0,1/1/2017
1998,Aug,alagoas,1,1/1/1998
1999,Aug,alagoas,3,1/1/1999
2000,Aug,alagoas,4,1/1/2000
2001,Aug,alagoas,1,1/1/2001
2002,Aug,alagoas,3,1/1/2002
2003,Aug,alagoas,2,1/1/2003
2004,Aug,alagoas,2,1/1/2004
2005,Aug,alagoas,2,1/1/2005
2006,Aug,alagoas,1,1/1/2006
2007,Aug,alagoas,3,1/1/2007
2008,Aug,alagoas,1,1/1/2008
2009,Aug,alagoas,0,1/1/2009
2010,Aug,alagoas,1,1/1/2010
2011,Aug,alagoas,4,1/1/2011
2012,Aug,alagoas,0,1/1/2012
2013,Aug,alagoas,0,1/1/2013
2014,Aug,alagoas,3,1/1/2014
2015,Aug,alagoas,3,1/1/2015
2016,Aug,alagoas,5,1/1/2016
2017,Aug,alagoas,1,1/1/2017
1998,Sep,alagoas,14,1/1/1998
1999,Sep,alagoas,3,1/1/1999
2000,Sep,alagoas,22,1/1/2000
2001,Sep,alagoas,5,1/1/2001
2002,Sep,alagoas,14,1/1/2002
2003,Sep,alagoas,8,1/1/2003
2004,Sep,alagoas,5,1/1/2004
2005,Sep,alagoas,7,1/1/2005
2006,Sep,alagoas,4,1/1/2006
2007,Sep,alagoas,2,1/1/2007
2008,Sep,alagoas,9,1/1/2008
2009,Sep,alagoas,13,1/1/2009
2010,Sep,alagoas,5,1/1/2010
2011,Sep,alagoas,5,1/1/2011
2012,Sep,alagoas,6,1/1/2012
2013,Sep,alagoas,4,1/1/2013
2014,Sep,alagoas,11,1/1/2014
2015,Sep,alagoas,7,1/1/2015
2016,Sep,alagoas,18,1/1/2016
2017,Sep,alagoas,4,1/1/2017
1998,Oct,alagoas,20,1/1/1998
1999,Oct,alagoas,4,1/1/1999
2000,Oct,alagoas,13,1/1/2000
2001,Oct,alagoas,15,1/1/2001
2002,Oct,alagoas,30,1/1/2002
2003,Oct,alagoas,10,1/1/2003
2004,Oct,alagoas,12,1/1/2004
2005,Oct,alagoas,17,1/1/2005
2006,Oct,alagoas,32,1/1/2006
2007,Oct,alagoas,6,1/1/2007
2008,Oct,alagoas,18,1/1/2008
2009,Oct,alagoas,30,1/1/2009
2010,Oct,alagoas,16,1/1/2010
2011,Oct,alagoas,23,1/1/2011
2012,Oct,alagoas,28,1/1/2012
2013,Oct,alagoas,25,1/1/2013
2014,Oct,alagoas,7,1/1/2014
2015,Oct,alagoas,40,1/1/2015
2016,Oct,alagoas,74,1/1/2016
2017,Oct,alagoas,14,1/1/2017
1998,Nov,alagoas,19,1/1/1998
1999,Nov,alagoas,15,1/1/1999
2000,Nov,alagoas,2,1/1/2000
2001,Nov,alagoas,22,1/1/2001
2002,Nov,alagoas,,1/1/2002
2003,Nov,alagoas,17,1/1/2003
2004,Nov,alagoas,28,1/1/2004
2005,Nov,alagoas,25,1/1/2005
2006,Nov,alagoas,12,1/1/2006
2007,Nov,alagoas,15,1/1/2007
2008,Nov,alagoas,37,1/1/2008
2009,Nov,alagoas,55,1/1/2009
2010,Nov,alagoas,31,1/1/2010
2011,Nov,alagoas,23,1/1/2011
2012,Nov,alagoas,95,1/1/2012
2013,Nov,alagoas,10,1/1/2013
2014,Nov,alagoas,14,1/1/2014
2015,Nov,alagoas,162,1/1/2015
2016,Nov,alagoas,76,1/1/2016
2017,Nov,alagoas,10,1/1/2017
1998,Dec,alagoas,32,1/1/1998
1999,Dec,alagoas,12,1/1/1999
2000,Dec,alagoas,2,1/1/2000
2001,Dec,alagoas,30,1/1/2001
2002,Dec,alagoas,95,1/1/2002
2003,Dec,alagoas,43,1/1/2003
2004,Dec,alagoas,71,1/1/2004
2005,Dec,alagoas,16,1/1/2005
2006,Dec,alagoas,30,1/1/2006
2007,Dec,alagoas,33,1/1/2007
2008,Dec,alagoas,34,1/1/2008
2009,Dec,alagoas,55,1/1/2009
2010,Dec,alagoas,45,1/1/2010
2011,Dec,alagoas,50,1/1/2011
2012,Dec,alagoas,59,1/1/2012
2013,Dec,alagoas,42,1/1/2013
2014,Dec,alagoas,24,1/1/2014
2015,Dec,alagoas,136,1/1/2015
2016,Dec,alagoas,155,1/1/2016
1998,Jan,Amapa,0,1/1/1998
1999,Jan,Amapa,0,1/1/1999
2000,Jan,Amapa,2,1/1/2000
2001,Jan,Amapa,0,1/1/2001
2002,Jan,Amapa,7,1/1/2002
2003,Jan,Amapa,31,1/1/2003
2004,Jan,Amapa,38,1/1/2004
2005,Jan,Amapa,109,1/1/2005
2006,Jan,Amapa,6,1/1/2006
2007,Jan,Amapa,0,1/1/2007
2008,Jan,Amapa,2,1/1/2008
2009,Jan,Amapa,4,1/1/2009
2010,Jan,Amapa,2,1/1/2010
2011,Jan,Amapa,0,1/1/2011
2012,Jan,Amapa,30,1/1/2012
2013,Jan,Amapa,3,1/1/2013
2014,Jan,Amapa,10,1/1/2014
2015,Jan,Amapa,14,1/1/2015
2016,Jan,Amapa,19,1/1/2016
2017,Jan,Amapa,2,1/1/2017
1998,Feb,Amapa,0,1/1/1998
1999,Feb,Amapa,1,1/1/1999
2000,Feb,Amapa,0,1/1/2000
2001,Feb,Amapa,0,1/1/2001
2002,Feb,Amapa,2,1/1/2002
2003,Feb,Amapa,0,1/1/2003
2004,Feb,Amapa,2,1/1/2004
2005,Feb,Amapa,1,1/1/2005
2006,Feb,Amapa,2,1/1/2006
2007,Feb,Amapa,0,1/1/2007
2008,Feb,Amapa,0,1/1/2008
2009,Feb,Amapa,0,1/1/2009
2010,Feb,Amapa,0,1/1/2010
2011,Feb,Amapa,3,1/1/2011
2012,Feb,Amapa,5,1/1/2012
2013,Feb,Amapa,0,1/1/2013
2014,Feb,Amapa,2,1/1/2014
2015,Feb,Amapa,1,1/1/2015
2016,Feb,Amapa,1,1/1/2016
2017,Feb,Amapa,0,1/1/2017
1998,Mar,Amapa,0,1/1/1998
1999,Mar,Amapa,2,1/1/1999
2000,Mar,Amapa,0,1/1/2000
2001,Mar,Amapa,,1/1/2001
2002,Mar,Amapa,0,1/1/2002
2003,Mar,Amapa,1,1/1/2003
2004,Mar,Amapa,0,1/1/2004
2005,Mar,Amapa,0,1/1/2005
2006,Mar,Amapa,0,1/1/2006
2007,Mar,Amapa,0,1/1/2007
2008,Mar,Amapa,1,1/1/2008
2009,Mar,Amapa,1,1/1/2009
2010,Mar,Amapa,2,1/1/2010
2011,Mar,Amapa,0,1/1/2011
2012,Mar,Amapa,1,1/1/2012
2013,Mar,Amapa,0,1/1/2013
2014,Mar,Amapa,1,1/1/2014
2015,Mar,Amapa,2,1/1/2015
2016,Mar,Amapa,5,1/1/2016
2017,Mar,Amapa,0,1/1/2017
1998,Apr,Amapa,0,1/1/1998
1999,Apr,Amapa,0,1/1/1999
2000,Apr,Amapa,0,1/1/2000
2001,Apr,Amapa,0,1/1/2001
2002,Apr,Amapa,0,1/1/2002
2003,Apr,Amapa,2,1/1/2003
2004,Apr,Amapa,0,1/1/2004
2005,Apr,Amapa,0,1/1/2005
2006,Apr,Amapa,0,1/1/2006
2007,Apr,Amapa,0,1/1/2007
2008,Apr,Amapa,2,1/1/2008
2009,Apr,Amapa,,1/1/2009
2010,Apr,Amapa,2,1/1/2010
2011,Apr,Amapa,0,1/1/2011
2012,Apr,Amapa,2,1/1/2012
2013,Apr,Amapa,2,1/1/2013
2014,Apr,Amapa,0,1/1/2014
2015,Apr,Amapa,0,1/1/2015
2016,Apr,Amapa,0,1/1/2016
2017,Apr,Amapa,3,1/1/2017
1998,May,Amapa,0,1/1/1998
1999,May,Amapa,0,1/1/1999
2000,May,Amapa,0,1/1/2000
2001,May,Amapa,0,1/1/2001
2002,May,Amapa,3,1/1/2002
2003,May,Amapa,0,1/1/2003
2004,May,Amapa,0,1/1/2004
2005,May,Amapa,0,1/1/2005
2006,May,Amapa,0,1/1/2006
2007,May,Amapa,0,1/1/2007
2008,May,Amapa,0,1/1/2008
2009,May,Amapa,2,1/1/2009
2010,May,Amapa,2,1/1/2010
2011,May,Amapa,2,1/1/2011
2012,May,Amapa,2,1/1/2012
2013,May,Amapa,0,1/1/2013
2014,May,Amapa,0,1/1/2014
2015,May,Amapa,0,1/1/2015
2016,May,Amapa,1,1/1/2016
2017,May,Amapa,1,1/1/2017
1998,Jun,Amapa,0,1/1/1998
1999,Jun,Amapa,2,1/1/1999
2000,Jun,Amapa,0,1/1/2000
2001,Jun,Amapa,0,1/1/2001
2002,Jun,Amapa,0,1/1/2002
2003,Jun,Amapa,0,1/1/2003
2004,Jun,Amapa,5,1/1/2004
2005,Jun,Amapa,2,1/1/2005
2006,Jun,Amapa,0,1/1/2006
2007,Jun,Amapa,0,1/1/2007
2008,Jun,Amapa,0,1/1/2008
2009,Jun,Amapa,1,1/1/2009
2010,Jun,Amapa,0,1/1/2010
2011,Jun,Amapa,0,1/1/2011
2012,Jun,Amapa,7,1/1/2012
2013,Jun,Amapa,1,1/1/2013
2014,Jun,Amapa,0,1/1/2014
2015,Jun,Amapa,3,1/1/2015
2016,Jun,Amapa,2,1/1/2016
2017,Jun,Amapa,2,1/1/2017
1998,Jul,Amapa,0,1/1/1998
1999,Jul,Amapa,0,1/1/1999
2000,Jul,Amapa,0,1/1/2000
2001,Jul,Amapa,1,1/1/2001
2002,Jul,Amapa,1,1/1/2002
2003,Jul,Amapa,0,1/1/2003
2004,Jul,Amapa,2,1/1/2004
2005,Jul,Amapa,0,1/1/2005
2006,Jul,Amapa,0,1/1/2006
2007,Jul,Amapa,0,1/1/2007
2008,Jul,Amapa,0,1/1/2008
2009,Jul,Amapa,4,1/1/2009
2010,Jul,Amapa,2,1/1/2010
2011,Jul,Amapa,5,1/1/2011
2012,Jul,Amapa,3,1/1/2012
2013,Jul,Amapa,,1/1/2013
2014,Jul,Amapa,4,1/1/2014
2015,Jul,Amapa,5,1/1/2015
2016,Jul,Amapa,1,1/1/2016
2017,Jul,Amapa,3,1/1/2017
1998,Aug,Amapa,1,1/1/1998
1999,Aug,Amapa,0,1/1/1999
2000,Aug,Amapa,3,1/1/2000
2001,Aug,Amapa,12,1/1/2001
2002,Aug,Amapa,18,1/1/2002
2003,Aug,Amapa,14,1/1/2003
2004,Aug,Amapa,9,1/1/2004
2005,Aug,Amapa,4,1/1/2005
2006,Aug,Amapa,11,1/1/2006
2007,Aug,Amapa,5,1/1/2007
2008,Aug,Amapa,4,1/1/2008
2009,Aug,Amapa,20,1/1/2009
2010,Aug,Amapa,1,1/1/2010
2011,Aug,Amapa,16,1/1/2011
2012,Aug,Amapa,19,1/1/2012
2013,Aug,Amapa,9,1/1/2013
2014,Aug,Amapa,18,1/1/2014
2015,Aug,Amapa,40,1/1/2015
2016,Aug,Amapa,37,1/1/2016
2017,Aug,Amapa,33,1/1/2017
1998,Sep,Amapa,20,1/1/1998
1999,Sep,Amapa,4,1/1/1999
2000,Sep,Amapa,19,1/1/2000
2001,Sep,Amapa,,1/1/2001
2002,Sep,Amapa,73,1/1/2002
2003,Sep,Amapa,88,1/1/2003
2004,Sep,Amapa,67,1/1/2004
2005,Sep,Amapa,97,1/1/2005
2006,Sep,Amapa,112,1/1/2006
2007,Sep,Amapa,61,1/1/2007
2008,Sep,Amapa,83,1/1/2008
2009,Sep,Amapa,,1/1/2009
2010,Sep,Amapa,63,1/1/2010
2011,Sep,Amapa,128,1/1/2011
2012,Sep,Amapa,168,1/1/2012
2013,Sep,Amapa,85,1/1/2013
2014,Sep,Amapa,137,1/1/2014
2015,Sep,Amapa,192,1/1/2015
2016,Sep,Amapa,142,1/1/2016
2017,Sep,Amapa,95,1/1/2017
1998,Oct,Amapa,42,1/1/1998
1999,Oct,Amapa,25,1/1/1999
2000,Oct,Amapa,42,1/1/2000
2001,Oct,Amapa,,1/1/2001
2002,Oct,Amapa,557,1/1/2002
2003,Oct,Amapa,355,1/1/2003
2004,Oct,Amapa,412,1/1/2004
2005,Oct,Amapa,335,1/1/2005
2006,Oct,Amapa,405,1/1/2006
2007,Oct,Amapa,162,1/1/2007
2008,Oct,Amapa,395,1/1/2008
2009,Oct,Amapa,765,1/1/2009
2010,Oct,Amapa,265,1/1/2010
2011,Oct,Amapa,304,1/1/2011
2012,Oct,Amapa,475,1/1/2012
2013,Oct,Amapa,385,1/1/2013
2014,Oct,Amapa,480,1/1/2014
2015,Oct,Amapa,827,1/1/2015
2016,Oct,Amapa,793,1/1/2016
2017,Oct,Amapa,,1/1/2017
1998,Nov,Amapa,131,1/1/1998
1999,Nov,Amapa,26,1/1/1999
2000,Nov,Amapa,157,1/1/2000
2001,Nov,Amapa,406,1/1/2001
2002,Nov,Amapa,1.096,1/1/2002
2003,Nov,Amapa,750,1/1/2003
2004,Nov,Amapa,949,1/1/2004
2005,Nov,Amapa,685,1/1/2005
2006,Nov,Amapa,207,1/1/2006
2007,Nov,Amapa,198,1/1/2007
2008,Nov,Amapa,266,1/1/2008
2009,Nov,Amapa,1.019,1/1/2009
2010,Nov,Amapa,339,1/1/2010
2011,Nov,Amapa,282,1/1/2011
2012,Nov,Amapa,969,1/1/2012
2013,Nov,Amapa,341,1/1/2013
2014,Nov,Amapa,484,1/1/2014
2015,Nov,Amapa,1.3,1/1/2015
2016,Nov,Amapa,1.161,1/1/2016
2017,Nov,Amapa,858,1/1/2017
1998,Dec,Amapa,84,1/1/1998
1999,Dec,Amapa,41,1/1/1999
2000,Dec,Amapa,30,1/1/2000
2001,Dec,Amapa,593,1/1/2001
2002,Dec,Amapa,200,1/1/2002
2003,Dec,Amapa,411,1/1/2003
2004,Dec,Amapa,,1/1/2004
2005,Dec,Amapa,38,1/1/2005
2006,Dec,Amapa,74,1/1/2006
2007,Dec,Amapa,14,1/1/2007
2008,Dec,Amapa,32,1/1/2008
2009,Dec,Amapa,123,1/1/2009
2010,Dec,Amapa,43,1/1/2010
2011,Dec,Amapa,360,1/1/2011
2012,Dec,Amapa,422,1/1/2012
2013,Dec,Amapa,148,1/1/2013
2014,Dec,Amapa,354,1/1/2014
2015,Dec,Amapa,269,1/1/2015
2016,Dec,Amapa,491,1/1/2016
1998,Jan,Amazonas,0,1/1/1998
1999,Jan,Amazonas,3,1/1/1999
2000,Jan,Amazonas,7,1/1/2000
2001,Jan,Amazonas,3,1/1/2001
2002,Jan,Amazonas,17,1/1/2002
2003,Jan,Amazonas,158,1/1/2003
2004,Jan,Amazonas,123,1/1/2004
2005,Jan,Amazonas,44,1/1/2005
2006,Jan,Amazonas,20,1/1/2006
2007,Jan,Amazonas,37,1/1/2007
2008,Jan,Amazonas,16,1/1/2008
2009,Jan,Amazonas,9,1/1/2009
2010,Jan,Amazonas,82,1/1/2010
2011,Jan,Amazonas,53,1/1/2011
2012,Jan,Amazonas,6,1/1/2012
2013,Jan,Amazonas,37,1/1/2013
2014,Jan,Amazonas,46,1/1/2014
2015,Jan,Amazonas,35,1/1/2015
2016,Jan,Amazonas,770,1/1/2016
2017,Jan,Amazonas,65,1/1/2017
1998,Feb,Amazonas,0,1/1/1998
1999,Feb,Amazonas,43,1/1/1999
2000,Feb,Amazonas,62,1/1/2000
2001,Feb,Amazonas,8,1/1/2001
2002,Feb,Amazonas,2,1/1/2002
2003,Feb,Amazonas,62,1/1/2003
2004,Feb,Amazonas,92,1/1/2004
2005,Feb,Amazonas,6,1/1/2005
2006,Feb,Amazonas,10,1/1/2006
2007,Feb,Amazonas,92,1/1/2007
2008,Feb,Amazonas,32,1/1/2008
2009,Feb,Amazonas,3,1/1/2009
2010,Feb,Amazonas,81,1/1/2010
2011,Feb,Amazonas,30,1/1/2011
2012,Feb,Amazonas,25,1/1/2012
2013,Feb,Amazonas,16,1/1/2013
2014,Feb,Amazonas,49,1/1/2014
2015,Feb,Amazonas,107,1/1/2015
2016,Feb,Amazonas,275,1/1/2016
2017,Feb,Amazonas,52,1/1/2017
1998,Mar,Amazonas,0,1/1/1998
1999,Mar,Amazonas,7,1/1/1999
2000,Mar,Amazonas,69,1/1/2000
2001,Mar,Amazonas,6,1/1/2001
2002,Mar,Amazonas,5,1/1/2002
2003,Mar,Amazonas,64,1/1/2003
2004,Mar,Amazonas,6,1/1/2004
2005,Mar,Amazonas,12,1/1/2005
2006,Mar,Amazonas,20,1/1/2006
2007,Mar,Amazonas,6,1/1/2007
2008,Mar,Amazonas,,1/1/2008
2009,Mar,Amazonas,11,1/1/2009
2010,Mar,Amazonas,116,1/1/2010
2011,Mar,Amazonas,,1/1/2011
2012,Mar,Amazonas,17,1/1/2012
2013,Mar,Amazonas,49,1/1/2013
2014,Mar,Amazonas,50,1/1/2014
2015,Mar,Amazonas,46,1/1/2015
2016,Mar,Amazonas,140,1/1/2016
2017,Mar,Amazonas,45,1/1/2017
1998,Apr,Amazonas,0,1/1/1998
1999,Apr,Amazonas,2,1/1/1999
2000,Apr,Amazonas,18,1/1/2000
2001,Apr,Amazonas,1,1/1/2001
2002,Apr,Amazonas,2,1/1/2002
2003,Apr,Amazonas,11,1/1/2003
2004,Apr,Amazonas,4,1/1/2004
2005,Apr,Amazonas,5,1/1/2005
2006,Apr,Amazonas,5,1/1/2006
2007,Apr,Amazonas,0,1/1/2007
2008,Apr,Amazonas,13,1/1/2008
2009,Apr,Amazonas,1,1/1/2009
2010,Apr,Amazonas,11,1/1/2010
2011,Apr,Amazonas,,1/1/2011
2012,Apr,Amazonas,3,1/1/2012
2013,Apr,Amazonas,,1/1/2013
2014,Apr,Amazonas,25,1/1/2014
2015,Apr,Amazonas,24,1/1/2015
2016,Apr,Amazonas,22,1/1/2016
2017,Apr,Amazonas,20,1/1/2017
1998,May,Amazonas,0,1/1/1998
1999,May,Amazonas,0,1/1/1999
2000,May,Amazonas,51,1/1/2000
2001,May,Amazonas,0,1/1/2001
2002,May,Amazonas,8,1/1/2002
2003,May,Amazonas,2,1/1/2003
2004,May,Amazonas,0,1/1/2004
2005,May,Amazonas,8,1/1/2005
2006,May,Amazonas,4,1/1/2006
2007,May,Amazonas,0,1/1/2007
2008,May,Amazonas,1,1/1/2008
2009,May,Amazonas,3,1/1/2009
2010,May,Amazonas,13,1/1/2010
2011,May,Amazonas,6,1/1/2011
2012,May,Amazonas,12,1/1/2012
2013,May,Amazonas,19,1/1/2013
2014,May,Amazonas,12,1/1/2014
2015,May,Amazonas,10,1/1/2015
2016,May,Amazonas,30,1/1/2016
2017,May,Amazonas,40,1/1/2017
1998,Jun,Amazonas,2,1/1/1998
1999,Jun,Amazonas,7,1/1/1999
2000,Jun,Amazonas,6,1/1/2000
2001,Jun,Amazonas,5,1/1/2001
2002,Jun,Amazonas,5,1/1/2002
2003,Jun,Amazonas,3,1/1/2003
2004,Jun,Amazonas,12,1/1/2004
2005,Jun,Amazonas,78,1/1/2005
2006,Jun,Amazonas,9,1/1/2006
2007,Jun,Amazonas,23,1/1/2007
2008,Jun,Amazonas,7,1/1/2008
2009,Jun,Amazonas,13,1/1/2009
2010,Jun,Amazonas,9,1/1/2010
2011,Jun,Amazonas,22,1/1/2011
2012,Jun,Amazonas,45,1/1/2012
2013,Jun,Amazonas,56,1/1/2013
2014,Jun,Amazonas,74,1/1/2014
2015,Jun,Amazonas,33,1/1/2015
2016,Jun,Amazonas,90,1/1/2016
2017,Jun,Amazonas,119,1/1/2017
1998,Jul,Amazonas,71,1/1/1998
1999,Jul,Amazonas,11,1/1/1999
2000,Jul,Amazonas,39,1/1/2000
2001,Jul,Amazonas,9,1/1/2001
2002,Jul,Amazonas,146,1/1/2002
2003,Jul,Amazonas,180,1/1/2003
2004,Jul,Amazonas,177,1/1/2004
2005,Jul,Amazonas,676,1/1/2005
2006,Jul,Amazonas,123,1/1/2006
2007,Jul,Amazonas,116,1/1/2007
2008,Jul,Amazonas,108,1/1/2008
2009,Jul,Amazonas,199,1/1/2009
2010,Jul,Amazonas,640,1/1/2010
2011,Jul,Amazonas,271,1/1/2011
2012,Jul,Amazonas,234,1/1/2012
2013,Jul,Amazonas,248,1/1/2013
2014,Jul,Amazonas,202,1/1/2014
2015,Jul,Amazonas,356,1/1/2015
2016,Jul,Amazonas,1.137,1/1/2016
2017,Jul,Amazonas,1.975,1/1/2017
1998,Aug,Amazonas,321,1/1/1998
1999,Aug,Amazonas,259,1/1/1999
2000,Aug,Amazonas,180,1/1/2000
2001,Aug,Amazonas,501,1/1/2001
2002,Aug,Amazonas,741,1/1/2002
2003,Aug,Amazonas,1.867,1/1/2003
2004,Aug,Amazonas,1.207,1/1/2004
2005,Aug,Amazonas,2.316,1/1/2005
2006,Aug,Amazonas,1.422,1/1/2006
2007,Aug,Amazonas,2.241,1/1/2007
2008,Aug,Amazonas,861,1/1/2008
2009,Aug,Amazonas,1.321,1/1/2009
2010,Aug,Amazonas,3.727,1/1/2010
2011,Aug,Amazonas,1.243,1/1/2011
2012,Aug,Amazonas,3.011,1/1/2012
2013,Aug,Amazonas,1.276,1/1/2013
2014,Aug,Amazonas,3.852,1/1/2014
2015,Aug,Amazonas,4.564,1/1/2015
2016,Aug,Amazonas,3.611,1/1/2016
2017,Aug,Amazonas,6.316,1/1/2017
1998,Sep,Amazonas,267,1/1/1998
1999,Sep,Amazonas,216,1/1/1999
2000,Sep,Amazonas,189,1/1/2000
2001,Sep,Amazonas,166,1/1/2001
2002,Sep,Amazonas,928,1/1/2002
2003,Sep,Amazonas,1.401,1/1/2003
2004,Sep,Amazonas,911,1/1/2004
2005,Sep,Amazonas,2.812,1/1/2005
2006,Sep,Amazonas,2.218,1/1/2006
2007,Sep,Amazonas,1.36,1/1/2007
2008,Sep,Amazonas,998,1/1/2008
2009,Sep,Amazonas,3.091,1/1/2009
2010,Sep,Amazonas,2.781,1/1/2010
2011,Sep,Amazonas,1.295,1/1/2011
2012,Sep,Amazonas,2.392,1/1/2012
2013,Sep,Amazonas,1.739,1/1/2013
2014,Sep,Amazonas,3.057,1/1/2014
2015,Sep,Amazonas,5.882,1/1/2015
2016,Sep,Amazonas,3.119,1/1/2016
2017,Sep,Amazonas,4.033,1/1/2017
1998,Oct,Amazonas,83,1/1/1998
1999,Oct,Amazonas,479,1/1/1999
2000,Oct,Amazonas,145,1/1/2000
2001,Oct,Amazonas,332,1/1/2001
2002,Oct,Amazonas,695,1/1/2002
2003,Oct,Amazonas,725,1/1/2003
2004,Oct,Amazonas,710,1/1/2004
2005,Oct,Amazonas,545,1/1/2005
2006,Oct,Amazonas,721,1/1/2006
2007,Oct,Amazonas,215,1/1/2007
2008,Oct,Amazonas,632,1/1/2008
2009,Oct,Amazonas,2.189,1/1/2009
2010,Oct,Amazonas,889,1/1/2010
2011,Oct,Amazonas,694,1/1/2011
2012,Oct,Amazonas,1.238,1/1/2012
2013,Oct,Amazonas,1.202,1/1/2013
2014,Oct,Amazonas,952,1/1/2014
2015,Oct,Amazonas,2.494,1/1/2015
2016,Oct,Amazonas,2.105,1/1/2016
2017,Oct,Amazonas,1.581,1/1/2017
1998,Nov,Amazonas,6,1/1/1998
1999,Nov,Amazonas,32,1/1/1999
2000,Nov,Amazonas,27,1/1/2000
2001,Nov,Amazonas,244,1/1/2001
2002,Nov,Amazonas,259,1/1/2002
2003,Nov,Amazonas,169,1/1/2003
2004,Nov,Amazonas,209,1/1/2004
2005,Nov,Amazonas,261,1/1/2005
2006,Nov,Amazonas,59,1/1/2006
2007,Nov,Amazonas,90,1/1/2007
2008,Nov,Amazonas,39,1/1/2008
2009,Nov,Amazonas,973,1/1/2009
2010,Nov,Amazonas,354,1/1/2010
2011,Nov,Amazonas,399,1/1/2011
2012,Nov,Amazonas,682,1/1/2012
2013,Nov,Amazonas,220,1/1/2013
2014,Nov,Amazonas,,1/1/2014
2015,Nov,Amazonas,1.054,1/1/2015
2016,Nov,Amazonas,591,1/1/2016
2017,Nov,Amazonas,552,1/1/2017
1998,Dec,Amazonas,196,1/1/1998
1999,Dec,Amazonas,2,1/1/1999
2000,Dec,Amazonas,60,1/1/2000
2001,Dec,Amazonas,22,1/1/2001
2002,Dec,Amazonas,44,1/1/2002
2003,Dec,Amazonas,147,1/1/2003
2004,Dec,Amazonas,53,1/1/2004
2005,Dec,Amazonas,17,1/1/2005
2006,Dec,Amazonas,23,1/1/2006
2007,Dec,Amazonas,7,1/1/2007
2008,Dec,Amazonas,0,1/1/2008
2009,Dec,Amazonas,102,1/1/2009
2010,Dec,Amazonas,123,1/1/2010
2011,Dec,Amazonas,121,1/1/2011
2012,Dec,Amazonas,80,1/1/2012
2013,Dec,Amazonas,236,1/1/2013
2014,Dec,Amazonas,293,1/1/2014
2015,Dec,Amazonas,565,1/1/2015
2016,Dec,Amazonas,133,1/1/2016
1998,Jan,Bahia,0,1/1/1998
1999,Jan,Bahia,114,1/1/1999
2000,Jan,Bahia,31,1/1/2000
2001,Jan,Bahia,24,1/1/2001
2002,Jan,Bahia,125,1/1/2002
2003,Jan,Bahia,439,1/1/2003
2004,Jan,Bahia,158,1/1/2004
2005,Jan,Bahia,303,1/1/2005
2006,Jan,Bahia,225,1/1/2006
2007,Jan,Bahia,373,1/1/2007
2008,Jan,Bahia,314,1/1/2008
2009,Jan,Bahia,177,1/1/2009
2010,Jan,Bahia,297,1/1/2010
2011,Jan,Bahia,101,1/1/2011
2012,Jan,Bahia,179,1/1/2012
2013,Jan,Bahia,125,1/1/2013
2014,Jan,Bahia,132,1/1/2014
2015,Jan,Bahia,256,1/1/2015
2016,Jan,Bahia,285,1/1/2016
2017,Jan,Bahia,154,1/1/2017
1998,Feb,Bahia,0,1/1/1998
1999,Feb,Bahia,157,1/1/1999
2000,Feb,Bahia,32,1/1/2000
2001,Feb,Bahia,101,1/1/2001
2002,Feb,Bahia,204,1/1/2002
2003,Feb,Bahia,223,1/1/2003
2004,Feb,Bahia,122,1/1/2004
2005,Feb,Bahia,143,1/1/2005
2006,Feb,Bahia,277,1/1/2006
2007,Feb,Bahia,113,1/1/2007
2008,Feb,Bahia,235,1/1/2008
2009,Feb,Bahia,117,1/1/2009
2010,Feb,Bahia,206,1/1/2010
2011,Feb,Bahia,156,1/1/2011
2012,Feb,Bahia,200,1/1/2012
2013,Feb,Bahia,231,1/1/2013
2014,Feb,Bahia,107,1/1/2014
2015,Feb,Bahia,143,1/1/2015
2016,Feb,Bahia,418,1/1/2016
2017,Feb,Bahia,100,1/1/2017
1998,Mar,Bahia,0,1/1/1998
1999,Mar,Bahia,83,1/1/1999
2000,Mar,Bahia,65,1/1/2000
2001,Mar,Bahia,4,1/1/2001
2002,Mar,Bahia,146,1/1/2002
2003,Mar,Bahia,274,1/1/2003
2004,Mar,Bahia,115,1/1/2004
2005,Mar,Bahia,158,1/1/2005
2006,Mar,Bahia,199,1/1/2006
2007,Mar,Bahia,141,1/1/2007
2008,Mar,Bahia,135,1/1/2008
2009,Mar,Bahia,249,1/1/2009
2010,Mar,Bahia,156,1/1/2010
2011,Mar,Bahia,90,1/1/2011
2012,Mar,Bahia,404,1/1/2012
2013,Mar,Bahia,363,1/1/2013
2014,Mar,Bahia,148,1/1/2014
2015,Mar,Bahia,229,1/1/2015
2016,Mar,Bahia,281,1/1/2016
2017,Mar,Bahia,163,1/1/2017
1998,Apr,Bahia,0,1/1/1998
1999,Apr,Bahia,55,1/1/1999
2000,Apr,Bahia,23,1/1/2000
2001,Apr,Bahia,26,1/1/2001
2002,Apr,Bahia,110,1/1/2002
2003,Apr,Bahia,376,1/1/2003
2004,Apr,Bahia,89,1/1/2004
2005,Apr,Bahia,76,1/1/2005
2006,Apr,Bahia,60,1/1/2006
2007,Apr,Bahia,64,1/1/2007
2008,Apr,Bahia,151,1/1/2008
2009,Apr,Bahia,40,1/1/2009
2010,Apr,Bahia,103,1/1/2010
2011,Apr,Bahia,149,1/1/2011
2012,Apr,Bahia,396,1/1/2012
2013,Apr,Bahia,108,1/1/2013
2014,Apr,Bahia,183,1/1/2014
2015,Apr,Bahia,190,1/1/2015
2016,Apr,Bahia,,1/1/2016
2017,Apr,Bahia,94,1/1/2017
1998,May,Bahia,0,1/1/1998
1999,May,Bahia,76,1/1/1999
2000,May,Bahia,71,1/1/2000
2001,May,Bahia,,1/1/2001
2002,May,Bahia,166,1/1/2002
2003,May,Bahia,106,1/1/2003
2004,May,Bahia,124,1/1/2004
2005,May,Bahia,120,1/1/2005
2006,May,Bahia,43,1/1/2006
2007,May,Bahia,161,1/1/2007
2008,May,Bahia,56,1/1/2008
2009,May,Bahia,34,1/1/2009
2010,May,Bahia,198,1/1/2010
2011,May,Bahia,189,1/1/2011
2012,May,Bahia,326,1/1/2012
2013,May,Bahia,141,1/1/2013
2014,May,Bahia,224,1/1/2014
2015,May,Bahia,144,1/1/2015
2016,May,Bahia,259,1/1/2016
2017,May,Bahia,121,1/1/2017
1998,Jun,Bahia,55,1/1/1998
1999,Jun,Bahia,64,1/1/1999
2000,Jun,Bahia,178,1/1/2000
2001,Jun,Bahia,98,1/1/2001
2002,Jun,Bahia,118,1/1/2002
2003,Jun,Bahia,140,1/1/2003
2004,Jun,Bahia,289,1/1/2004
2005,Jun,Bahia,211,1/1/2005
2006,Jun,Bahia,68,1/1/2006
2007,Jun,Bahia,270,1/1/2007
2008,Jun,Bahia,72,1/1/2008
2009,Jun,Bahia,92,1/1/2009
2010,Jun,Bahia,192,1/1/2010
2011,Jun,Bahia,345,1/1/2011
2012,Jun,Bahia,385,1/1/2012
2013,Jun,Bahia,208,1/1/2013
2014,Jun,Bahia,243,1/1/2014
2015,Jun,Bahia,242,1/1/2015
2016,Jun,Bahia,416,1/1/2016
2017,Jun,Bahia,329,1/1/2017
1998,Jul,Bahia,219,1/1/1998
1999,Jul,Bahia,107,1/1/1999
2000,Jul,Bahia,202,1/1/2000
2001,Jul,Bahia,248,1/1/2001
2002,Jul,Bahia,,1/1/2002
2003,Jul,Bahia,261,1/1/2003
2004,Jul,Bahia,310,1/1/2004
2005,Jul,Bahia,269,1/1/2005
2006,Jul,Bahia,229,1/1/2006
2007,Jul,Bahia,811,1/1/2007
2008,Jul,Bahia,271,1/1/2008
2009,Jul,Bahia,321,1/1/2009
2010,Jul,Bahia,519,1/1/2010
2011,Jul,Bahia,578,1/1/2011
2012,Jul,Bahia,906,1/1/2012
2013,Jul,Bahia,362,1/1/2013
2014,Jul,Bahia,249,1/1/2014
2015,Jul,Bahia,,1/1/2015
2016,Jul,Bahia,345,1/1/2016
2017,Jul,Bahia,300,1/1/2017
1998,Aug,Bahia,815,1/1/1998
1999,Aug,Bahia,453,1/1/1999
2000,Aug,Bahia,633,1/1/2000
2001,Aug,Bahia,979,1/1/2001
2002,Aug,Bahia,1.827,1/1/2002
2003,Aug,Bahia,1.039,1/1/2003
2004,Aug,Bahia,1.43,1/1/2004
2005,Aug,Bahia,948,1/1/2005
2006,Aug,Bahia,995,1/1/2006
2007,Aug,Bahia,3.734,1/1/2007
2008,Aug,Bahia,611,1/1/2008
2009,Aug,Bahia,439,1/1/2009
2010,Aug,Bahia,2.423,1/1/2010
2011,Aug,Bahia,1.795,1/1/2011
2012,Aug,Bahia,1.835,1/1/2012
2013,Aug,Bahia,610,1/1/2013
2014,Aug,Bahia,674,1/1/2014
2015,Aug,Bahia,829,1/1/2015
2016,Aug,Bahia,724,1/1/2016
2017,Aug,Bahia,1.018,1/1/2017
1998,Sep,Bahia,2.718,1/1/1998
1999,Sep,Bahia,,1/1/1999
2000,Sep,Bahia,2.285,1/1/2000
2001,Sep,Bahia,3.964,1/1/2001
2002,Sep,Bahia,6.439,1/1/2002
2003,Sep,Bahia,8.847,1/1/2003
2004,Sep,Bahia,6.433,1/1/2004
2005,Sep,Bahia,4.066,1/1/2005
2006,Sep,Bahia,3.006,1/1/2006
2007,Sep,Bahia,7.438,1/1/2007
2008,Sep,Bahia,4.837,1/1/2008
2009,Sep,Bahia,3.61,1/1/2009
2010,Sep,Bahia,5.323,1/1/2010
2011,Sep,Bahia,7.086,1/1/2011
2012,Sep,Bahia,7.495,1/1/2012
2013,Sep,Bahia,2.681,1/1/2013
2014,Sep,Bahia,2.604,1/1/2014
2015,Sep,Bahia,7.956,1/1/2015
2016,Sep,Bahia,1.819,1/1/2016
2017,Sep,Bahia,1.791,1/1/2017
1998,Oct,Bahia,1.969,1/1/1998
1999,Oct,Bahia,1.307,1/1/1999
2000,Oct,Bahia,3.35,1/1/2000
2001,Oct,Bahia,1.687,1/1/2001
2002,Oct,Bahia,5.414,1/1/2002
2003,Oct,Bahia,4.264,1/1/2003
2004,Oct,Bahia,4.81,1/1/2004
2005,Oct,Bahia,8.405,1/1/2005
2006,Oct,Bahia,2.079,1/1/2006
2007,Oct,Bahia,4.981,1/1/2007
2008,Oct,Bahia,7.691,1/1/2008
2009,Oct,Bahia,2.552,1/1/2009
2010,Oct,Bahia,5.264,1/1/2010
2011,Oct,Bahia,2.166,1/1/2011
2012,Oct,Bahia,4.607,1/1/2012
2013,Oct,Bahia,1.969,1/1/2013
2014,Oct,Bahia,2.763,1/1/2014
2015,Oct,Bahia,4.989,1/1/2015
2016,Oct,Bahia,1.415,1/1/2016
2017,Oct,Bahia,4.005,1/1/2017
1998,Nov,Bahia,49,1/1/1998
1999,Nov,Bahia,49,1/1/1999
2000,Nov,Bahia,114,1/1/2000
2001,Nov,Bahia,699,1/1/2001
2002,Nov,Bahia,1.02,1/1/2002
2003,Nov,Bahia,533,1/1/2003
2004,Nov,Bahia,1.736,1/1/2004
2005,Nov,Bahia,1.595,1/1/2005
2006,Nov,Bahia,239,1/1/2006
2007,Nov,Bahia,2.126,1/1/2007
2008,Nov,Bahia,3.175,1/1/2008
2009,Nov,Bahia,402,1/1/2009
2010,Nov,Bahia,605,1/1/2010
2011,Nov,Bahia,,1/1/2011
2012,Nov,Bahia,168,1/1/2012
2013,Nov,Bahia,288,1/1/2013
2014,Nov,Bahia,348,1/1/2014
2015,Nov,Bahia,1.705,1/1/2015
2016,Nov,Bahia,408,1/1/2016
2017,Nov,Bahia,174,1/1/2017
1998,Dec,Bahia,82,1/1/1998
1999,Dec,Bahia,37,1/1/1999
2000,Dec,Bahia,24,1/1/2000
2001,Dec,Bahia,158,1/1/2001
2002,Dec,Bahia,848,1/1/2002
2003,Dec,Bahia,710,1/1/2003
2004,Dec,Bahia,423,1/1/2004
2005,Dec,Bahia,116,1/1/2005
2006,Dec,Bahia,169,1/1/2006
2007,Dec,Bahia,259,1/1/2007
2008,Dec,Bahia,52,1/1/2008
2009,Dec,Bahia,308,1/1/2009
2010,Dec,Bahia,226,1/1/2010
2011,Dec,Bahia,230,1/1/2011
2012,Dec,Bahia,477,1/1/2012
2013,Dec,Bahia,131,1/1/2013
2014,Dec,Bahia,144,1/1/2014
2015,Dec,Bahia,1.408,1/1/2015
2016,Dec,Bahia,164,1/1/2016
1998,Jan,Ceara,0,1/1/1998
1999,Jan,Ceara,47,1/1/1999
2000,Jan,Ceara,1,1/1/2000
2001,Jan,Ceara,11,1/1/2001
2002,Jan,Ceara,33,1/1/2002
2003,Jan,Ceara,264,1/1/2003
2004,Jan,Ceara,143,1/1/2004
2005,Jan,Ceara,384,1/1/2005
2006,Jan,Ceara,211,1/1/2006
2007,Jan,Ceara,304,1/1/2007
2008,Jan,Ceara,166,1/1/2008
2009,Jan,Ceara,347,1/1/2009
2010,Jan,Ceara,288,1/1/2010
2011,Jan,Ceara,32,1/1/2011
2012,Jan,Ceara,273,1/1/2012
2013,Jan,Ceara,103,1/1/2013
2014,Jan,Ceara,115,1/1/2014
2015,Jan,Ceara,207,1/1/2015
2016,Jan,Ceara,100,1/1/2016
2017,Jan,Ceara,91,1/1/2017
1998,Feb,Ceara,0,1/1/1998
1999,Feb,Ceara,16,1/1/1999
2000,Feb,Ceara,6,1/1/2000
2001,Feb,Ceara,0,1/1/2001
2002,Feb,Ceara,75,1/1/2002
2003,Feb,Ceara,9,1/1/2003
2004,Feb,Ceara,5,1/1/2004
2005,Feb,Ceara,25,1/1/2005
2006,Feb,Ceara,23,1/1/2006
2007,Feb,Ceara,3,1/1/2007
2008,Feb,Ceara,12,1/1/2008
2009,Feb,Ceara,8,1/1/2009
2010,Feb,Ceara,63,1/1/2010
2011,Feb,Ceara,2,1/1/2011
2012,Feb,Ceara,41,1/1/2012
2013,Feb,Ceara,49,1/1/2013
2014,Feb,Ceara,18,1/1/2014
2015,Feb,Ceara,25,1/1/2015
2016,Feb,Ceara,,1/1/2016
2017,Feb,Ceara,9,1/1/2017
1998,Mar,Ceara,0,1/1/1998
1999,Mar,Ceara,30,1/1/1999
2000,Mar,Ceara,9,1/1/2000
2001,Mar,Ceara,0,1/1/2001
2002,Mar,Ceara,17,1/1/2002
2003,Mar,Ceara,3,1/1/2003
2004,Mar,Ceara,1,1/1/2004
2005,Mar,Ceara,5,1/1/2005
2006,Mar,Ceara,3,1/1/2006
2007,Mar,Ceara,2,1/1/2007
2008,Mar,Ceara,2,1/1/2008
2009,Mar,Ceara,3,1/1/2009
2010,Mar,Ceara,40,1/1/2010
2011,Mar,Ceara,6,1/1/2011
2012,Mar,Ceara,10,1/1/2012
2013,Mar,Ceara,17,1/1/2013
2014,Mar,Ceara,6,1/1/2014
2015,Mar,Ceara,20,1/1/2015
2016,Mar,Ceara,4,1/1/2016
2017,Mar,Ceara,4,1/1/2017
1998,Apr,Ceara,0,1/1/1998
1999,Apr,Ceara,6,1/1/1999
2000,Apr,Ceara,15,1/1/2000
2001,Apr,Ceara,2,1/1/2001
2002,Apr,Ceara,5,1/1/2002
2003,Apr,Ceara,3,1/1/2003
2004,Apr,Ceara,2,1/1/2004
2005,Apr,Ceara,4,1/1/2005
2006,Apr,Ceara,1,1/1/2006
2007,Apr,Ceara,1,1/1/2007
2008,Apr,Ceara,0,1/1/2008
2009,Apr,Ceara,0,1/1/2009
2010,Apr,Ceara,7,1/1/2010
2011,Apr,Ceara,1,1/1/2011
2012,Apr,Ceara,2,1/1/2012
2013,Apr,Ceara,4,1/1/2013
2014,Apr,Ceara,4,1/1/2014
2015,Apr,Ceara,3,1/1/2015
2016,Apr,Ceara,10,1/1/2016
2017,Apr,Ceara,6,1/1/2017
1998,May,Ceara,0,1/1/1998
1999,May,Ceara,5,1/1/1999
2000,May,Ceara,7,1/1/2000
2001,May,Ceara,81,1/1/2001
2002,May,Ceara,10,1/1/2002
2003,May,Ceara,0,1/1/2003
2004,May,Ceara,3,1/1/2004
2005,May,Ceara,1,1/1/2005
2006,May,Ceara,0,1/1/2006
2007,May,Ceara,0,1/1/2007
2008,May,Ceara,0,1/1/2008
2009,May,Ceara,0,1/1/2009
2010,May,Ceara,2,1/1/2010
2011,May,Ceara,0,1/1/2011
2012,May,Ceara,19,1/1/2012
2013,May,Ceara,4,1/1/2013
2014,May,Ceara,4,1/1/2014
2015,May,Ceara,17,1/1/2015
2016,May,Ceara,8,1/1/2016
2017,May,Ceara,9,1/1/2017
1998,Jun,Ceara,1,1/1/1998
1999,Jun,Ceara,16,1/1/1999
2000,Jun,Ceara,16,1/1/2000
2001,Jun,Ceara,38,1/1/2001
2002,Jun,Ceara,13,1/1/2002
2003,Jun,Ceara,2,1/1/2003
2004,Jun,Ceara,1,1/1/2004
2005,Jun,Ceara,6,1/1/2005
2006,Jun,Ceara,0,1/1/2006
2007,Jun,Ceara,1,1/1/2007
2008,Jun,Ceara,1,1/1/2008
2009,Jun,Ceara,0,1/1/2009
2010,Jun,Ceara,3,1/1/2010
2011,Jun,Ceara,5,1/1/2011
2012,Jun,Ceara,28,1/1/2012
2013,Jun,Ceara,5,1/1/2013
2014,Jun,Ceara,,1/1/2014
2015,Jun,Ceara,22,1/1/2015
2016,Jun,Ceara,45,1/1/2016
2017,Jun,Ceara,23,1/1/2017
1998,Jul,Ceara,76,1/1/1998
1999,Jul,Ceara,83,1/1/1999
2000,Jul,Ceara,18,1/1/2000
2001,Jul,Ceara,146,1/1/2001
2002,Jul,Ceara,12,1/1/2002
2003,Jul,Ceara,14,1/1/2003
2004,Jul,Ceara,16,1/1/2004
2005,Jul,Ceara,14,1/1/2005
2006,Jul,Ceara,1,1/1/2006
2007,Jul,Ceara,11,1/1/2007
2008,Jul,Ceara,3,1/1/2008
2009,Jul,Ceara,7,1/1/2009
2010,Jul,Ceara,44,1/1/2010
2011,Jul,Ceara,18,1/1/2011
2012,Jul,Ceara,50,1/1/2012
2013,Jul,Ceara,4,1/1/2013
2014,Jul,Ceara,47,1/1/2014
2015,Jul,Ceara,25,1/1/2015
2016,Jul,Ceara,124,1/1/2016
2017,Jul,Ceara,26,1/1/2017
1998,Aug,Ceara,93,1/1/1998
1999,Aug,Ceara,131,1/1/1999
2000,Aug,Ceara,79,1/1/2000
2001,Aug,Ceara,219,1/1/2001
2002,Aug,Ceara,111,1/1/2002
2003,Aug,Ceara,109,1/1/2003
2004,Aug,Ceara,61,1/1/2004
2005,Aug,Ceara,51,1/1/2005
2006,Aug,Ceara,50,1/1/2006
2007,Aug,Ceara,182,1/1/2007
2008,Aug,Ceara,32,1/1/2008
2009,Aug,Ceara,26,1/1/2009
2010,Aug,Ceara,202,1/1/2010
2011,Aug,Ceara,53,1/1/2011
2012,Aug,Ceara,278,1/1/2012
2013,Aug,Ceara,32,1/1/2013
2014,Aug,Ceara,155,1/1/2014
2015,Aug,Ceara,127,1/1/2015
2016,Aug,Ceara,293,1/1/2016
2017,Aug,Ceara,121,1/1/2017
1998,Sep,Ceara,590,1/1/1998
1999,Sep,Ceara,124,1/1/1999
2000,Sep,Ceara,127,1/1/2000
2001,Sep,Ceara,801,1/1/2001
2002,Sep,Ceara,172,1/1/2002
2003,Sep,Ceara,384,1/1/2003
2004,Sep,Ceara,144,1/1/2004
2005,Sep,Ceara,185,1/1/2005
2006,Sep,Ceara,237,1/1/2006
2007,Sep,Ceara,241,1/1/2007
2008,Sep,Ceara,177,1/1/2008
2009,Sep,Ceara,101,1/1/2009
2010,Sep,Ceara,357,1/1/2010
2011,Sep,Ceara,239,1/1/2011
2012,Sep,Ceara,609,1/1/2012
2013,Sep,Ceara,177,1/1/2013
2014,Sep,Ceara,155,1/1/2014
2015,Sep,Ceara,214,1/1/2015
2016,Sep,Ceara,370,1/1/2016
2017,Sep,Ceara,505,1/1/2017
1998,Oct,Ceara,1.014,1/1/1998
1999,Oct,Ceara,309,1/1/1999
2000,Oct,Ceara,875,1/1/2000
2001,Oct,Ceara,2.045,1/1/2001
2002,Oct,Ceara,1.606,1/1/2002
2003,Oct,Ceara,1.761,1/1/2003
2004,Oct,Ceara,1.217,1/1/2004
2005,Oct,Ceara,1.378,1/1/2005
2006,Oct,Ceara,581,1/1/2006
2007,Oct,Ceara,964,1/1/2007
2008,Oct,Ceara,816,1/1/2008
2009,Oct,Ceara,435,1/1/2009
2010,Oct,Ceara,502,1/1/2010
2011,Oct,Ceara,415,1/1/2011
2012,Oct,Ceara,1.104,1/1/2012
2013,Oct,Ceara,466,1/1/2013
2014,Oct,Ceara,517,1/1/2014
2015,Oct,Ceara,658,1/1/2015
2016,Oct,Ceara,1.31,1/1/2016
2017,Oct,Ceara,949,1/1/2017
1998,Nov,Ceara,575,1/1/1998
1999,Nov,Ceara,524,1/1/1999
2000,Nov,Ceara,669,1/1/2000
2001,Nov,Ceara,2.456,1/1/2001
2002,Nov,Ceara,2.715,1/1/2002
2003,Nov,Ceara,3.327,1/1/2003
2004,Nov,Ceara,2.9,1/1/2004
2005,Nov,Ceara,2.483,1/1/2005
2006,Nov,Ceara,1.012,1/1/2006
2007,Nov,Ceara,1.443,1/1/2007
2008,Nov,Ceara,1.753,1/1/2008
2009,Nov,Ceara,1.653,1/1/2009
2010,Nov,Ceara,1.652,1/1/2010
2011,Nov,Ceara,1.561,1/1/2011
2012,Nov,Ceara,995,1/1/2012
2013,Nov,Ceara,1.081,1/1/2013
2014,Nov,Ceara,829,1/1/2014
2015,Nov,Ceara,1.081,1/1/2015
2016,Nov,Ceara,1.328,1/1/2016
2017,Nov,Ceara,812,1/1/2017
1998,Dec,Ceara,276,1/1/1998
1999,Dec,Ceara,397,1/1/1999
2000,Dec,Ceara,389,1/1/2000
2001,Dec,Ceara,545,1/1/2001
2002,Dec,Ceara,1.787,1/1/2002
2003,Dec,Ceara,2.436,1/1/2003
2004,Dec,Ceara,3.158,1/1/2004
2005,Dec,Ceara,1.36,1/1/2005
2006,Dec,Ceara,1.161,1/1/2006
2007,Dec,Ceara,1.177,1/1/2007
2008,Dec,Ceara,1.655,1/1/2008
2009,Dec,Ceara,1.987,1/1/2009
2010,Dec,Ceara,578,1/1/2010
2011,Dec,Ceara,1.441,1/1/2011
2012,Dec,Ceara,631,1/1/2012
2013,Dec,Ceara,956,1/1/2013
2014,Dec,Ceara,643,1/1/2014
2015,Dec,Ceara,,1/1/2015
2016,Dec,Ceara,819,1/1/2016
1998,Jan,Distrito Federal,0,1/1/1998
1999,Jan,Distrito Federal,0,1/1/1999
2000,Jan,Distrito Federal,0,1/1/2000
2001,Jan,Distrito Federal,0,1/1/2001
2002,Jan,Distrito Federal,0,1/1/2002
2003,Jan,Distrito Federal,0,1/1/2003
2004,Jan,Distrito Federal,0,1/1/2004
2005,Jan,Distrito Federal,0,1/1/2005
2006,Jan,Distrito Federal,0,1/1/2006
2007,Jan,Distrito Federal,0,1/1/2007
2008,Jan,Distrito Federal,0,1/1/2008
2009,Jan,Distrito Federal,1,1/1/2009
2010,Jan,Distrito Federal,2,1/1/2010
2011,Jan,Distrito Federal,2,1/1/2011
2012,Jan,Distrito Federal,0,1/1/2012
2013,Jan,Distrito Federal,0,1/1/2013
2014,Jan,Distrito Federal,0,1/1/2014
2015,Jan,Distrito Federal,1,1/1/2015
2016,Jan,Distrito Federal,1,1/1/2016
2017,Jan,Distrito Federal,1,1/1/2017
1998,Feb,Distrito Federal,0,1/1/1998
1999,Feb,Distrito Federal,2,1/1/1999
2000,Feb,Distrito Federal,0,1/1/2000
2001,Feb,Distrito Federal,1,1/1/2001
2002,Feb,Distrito Federal,0,1/1/2002
2003,Feb,Distrito Federal,1,1/1/2003
2004,Feb,Distrito Federal,0,1/1/2004
2005,Feb,Distrito Federal,0,1/1/2005
2006,Feb,Distrito Federal,0,1/1/2006
2007,Feb,Distrito Federal,0,1/1/2007
2008,Feb,Distrito Federal,0,1/1/2008
2009,Feb,Distrito Federal,0,1/1/2009
2010,Feb,Distrito Federal,4,1/1/2010
2011,Feb,Distrito Federal,1,1/1/2011
2012,Feb,Distrito Federal,0,1/1/2012
2013,Feb,Distrito Federal,1,1/1/2013
2014,Feb,Distrito Federal,1,1/1/2014
2015,Feb,Distrito Federal,0,1/1/2015
2016,Feb,Distrito Federal,2,1/1/2016
2017,Feb,Distrito Federal,0,1/1/2017
1998,Mar,Distrito Federal,0,1/1/1998
1999,Mar,Distrito Federal,0,1/1/1999
2000,Mar,Distrito Federal,0,1/1/2000
2001,Mar,Distrito Federal,0,1/1/2001
2002,Mar,Distrito Federal,0,1/1/2002
2003,Mar,Distrito Federal,0,1/1/2003
2004,Mar,Distrito Federal,0,1/1/2004
2005,Mar,Distrito Federal,0,1/1/2005
2006,Mar,Distrito Federal,0,1/1/2006
2007,Mar,Distrito Federal,1,1/1/2007
2008,Mar,Distrito Federal,2,1/1/2008
2009,Mar,Distrito Federal,0,1/1/2009
2010,Mar,Distrito Federal,0,1/1/2010
2011,Mar,Distrito Federal,0,1/1/2011
2012,Mar,Distrito Federal,0,1/1/2012
2013,Mar,Distrito Federal,1,1/1/2013
2014,Mar,Distrito Federal,1,1/1/2014
2015,Mar,Distrito Federal,0,1/1/2015
2016,Mar,Distrito Federal,1,1/1/2016
2017,Mar,Distrito Federal,0,1/1/2017
1998,Apr,Distrito Federal,0,1/1/1998
1999,Apr,Distrito Federal,0,1/1/1999
2000,Apr,Distrito Federal,0,1/1/2000
2001,Apr,Distrito Federal,0,1/1/2001
2002,Apr,Distrito Federal,1,1/1/2002
2003,Apr,Distrito Federal,0,1/1/2003
2004,Apr,Distrito Federal,1,1/1/2004
2005,Apr,Distrito Federal,0,1/1/2005
2006,Apr,Distrito Federal,0,1/1/2006
2007,Apr,Distrito Federal,0,1/1/2007
2008,Apr,Distrito Federal,1,1/1/2008
2009,Apr,Distrito Federal,0,1/1/2009
2010,Apr,Distrito Federal,8,1/1/2010
2011,Apr,Distrito Federal,1,1/1/2011
2012,Apr,Distrito Federal,4,1/1/2012
2013,Apr,Distrito Federal,1,1/1/2013
2014,Apr,Distrito Federal,2,1/1/2014
2015,Apr,Distrito Federal,0,1/1/2015
2016,Apr,Distrito Federal,5,1/1/2016
2017,Apr,Distrito Federal,1,1/1/2017
1998,May,Distrito Federal,0,1/1/1998
1999,May,Distrito Federal,0,1/1/1999
2000,May,Distrito Federal,2,1/1/2000
2001,May,Distrito Federal,0,1/1/2001
2002,May,Distrito Federal,1,1/1/2002
2003,May,Distrito Federal,0,1/1/2003
2004,May,Distrito Federal,9,1/1/2004
2005,May,Distrito Federal,2,1/1/2005
2006,May,Distrito Federal,3,1/1/2006
2007,May,Distrito Federal,4,1/1/2007
2008,May,Distrito Federal,6,1/1/2008
2009,May,Distrito Federal,9,1/1/2009
2010,May,Distrito Federal,23,1/1/2010
2011,May,Distrito Federal,3,1/1/2011
2012,May,Distrito Federal,0,1/1/2012
2013,May,Distrito Federal,2,1/1/2013
2014,May,Distrito Federal,9,1/1/2014
2015,May,Distrito Federal,2,1/1/2015
2016,May,Distrito Federal,15,1/1/2016
2017,May,Distrito Federal,6,1/1/2017
1998,Jun,Distrito Federal,2,1/1/1998
1999,Jun,Distrito Federal,,1/1/1999
2000,Jun,Distrito Federal,1,1/1/2000
2001,Jun,Distrito Federal,3,1/1/2001
2002,Jun,Distrito Federal,7,1/1/2002
2003,Jun,Distrito Federal,,1/1/2003
2004,Jun,Distrito Federal,6,1/1/2004
2005,Jun,Distrito Federal,3,1/1/2005
2006,Jun,Distrito Federal,2,1/1/2006
2007,Jun,Distrito Federal,21,1/1/2007
2008,Jun,Distrito Federal,0,1/1/2008
2009,Jun,Distrito Federal,4,1/1/2009
2010,Jun,Distrito Federal,21,1/1/2010
2011,Jun,Distrito Federal,18,1/1/2011
2012,Jun,Distrito Federal,6,1/1/2012
2013,Jun,Distrito Federal,4,1/1/2013
2014,Jun,Distrito Federal,6,1/1/2014
2015,Jun,Distrito Federal,1,1/1/2015
2016,Jun,Distrito Federal,42,1/1/2016
2017,Jun,Distrito Federal,23,1/1/2017
1998,Jul,Distrito Federal,17,1/1/1998
1999,Jul,Distrito Federal,4,1/1/1999
2000,Jul,Distrito Federal,15,1/1/2000
2001,Jul,Distrito Federal,22,1/1/2001
2002,Jul,Distrito Federal,33,1/1/2002
2003,Jul,Distrito Federal,19,1/1/2003
2004,Jul,Distrito Federal,37,1/1/2004
2005,Jul,Distrito Federal,24,1/1/2005
2006,Jul,Distrito Federal,,1/1/2006
2007,Jul,Distrito Federal,25,1/1/2007
2008,Jul,Distrito Federal,12,1/1/2008
2009,Jul,Distrito Federal,33,1/1/2009
2010,Jul,Distrito Federal,85,1/1/2010
2011,Jul,Distrito Federal,53,1/1/2011
2012,Jul,Distrito Federal,29,1/1/2012
2013,Jul,Distrito Federal,22,1/1/2013
2014,Jul,Distrito Federal,27,1/1/2014
2015,Jul,Distrito Federal,15,1/1/2015
2016,Jul,Distrito Federal,79,1/1/2016
2017,Jul,Distrito Federal,44,1/1/2017
1998,Aug,Distrito Federal,48,1/1/1998
1999,Aug,Distrito Federal,16,1/1/1999
2000,Aug,Distrito Federal,9,1/1/2000
2001,Aug,Distrito Federal,25,1/1/2001
2002,Aug,Distrito Federal,53,1/1/2002
2003,Aug,Distrito Federal,,1/1/2003
2004,Aug,Distrito Federal,108,1/1/2004
2005,Aug,Distrito Federal,20,1/1/2005
2006,Aug,Distrito Federal,40,1/1/2006
2007,Aug,Distrito Federal,137,1/1/2007
2008,Aug,Distrito Federal,30,1/1/2008
2009,Aug,Distrito Federal,37,1/1/2009
2010,Aug,Distrito Federal,159,1/1/2010
2011,Aug,Distrito Federal,61,1/1/2011
2012,Aug,Distrito Federal,55,1/1/2012
2013,Aug,Distrito Federal,34,1/1/2013
2014,Aug,Distrito Federal,99,1/1/2014
2015,Aug,Distrito Federal,53,1/1/2015
2016,Aug,Distrito Federal,29,1/1/2016
2017,Aug,Distrito Federal,147,1/1/2017
1998,Sep,Distrito Federal,33,1/1/1998
1999,Sep,Distrito Federal,12,1/1/1999
2000,Sep,Distrito Federal,3,1/1/2000
2001,Sep,Distrito Federal,12,1/1/2001
2002,Sep,Distrito Federal,33,1/1/2002
2003,Sep,Distrito Federal,17,1/1/2003
2004,Sep,Distrito Federal,100,1/1/2004
2005,Sep,Distrito Federal,23,1/1/2005
2006,Sep,Distrito Federal,20,1/1/2006
2007,Sep,Distrito Federal,73,1/1/2007
2008,Sep,Distrito Federal,54,1/1/2008
2009,Sep,Distrito Federal,5,1/1/2009
2010,Sep,Distrito Federal,196,1/1/2010
2011,Sep,Distrito Federal,133,1/1/2011
2012,Sep,Distrito Federal,64,1/1/2012
2013,Sep,Distrito Federal,31,1/1/2013
2014,Sep,Distrito Federal,72,1/1/2014
2015,Sep,Distrito Federal,76,1/1/2015
2016,Sep,Distrito Federal,58,1/1/2016
2017,Sep,Distrito Federal,122,1/1/2017
1998,Oct,Distrito Federal,3,1/1/1998
1999,Oct,Distrito Federal,8,1/1/1999
2000,Oct,Distrito Federal,18,1/1/2000
2001,Oct,Distrito Federal,0,1/1/2001
2002,Oct,Distrito Federal,19,1/1/2002
2003,Oct,Distrito Federal,12,1/1/2003
2004,Oct,Distrito Federal,18,1/1/2004
2005,Oct,Distrito Federal,18,1/1/2005
2006,Oct,Distrito Federal,1,1/1/2006
2007,Oct,Distrito Federal,13,1/1/2007
2008,Oct,Distrito Federal,6,1/1/2008
2009,Oct,Distrito Federal,3,1/1/2009
2010,Oct,Distrito Federal,6,1/1/2010
2011,Oct,Distrito Federal,0,1/1/2011
2012,Oct,Distrito Federal,15,1/1/2012
2013,Oct,Distrito Federal,3,1/1/2013
2014,Oct,Distrito Federal,34,1/1/2014
2015,Oct,Distrito Federal,21,1/1/2015
2016,Oct,Distrito Federal,9,1/1/2016
2017,Oct,Distrito Federal,66,1/1/2017
1998,Nov,Distrito Federal,0,1/1/1998
1999,Nov,Distrito Federal,1,1/1/1999
2000,Nov,Distrito Federal,0,1/1/2000
2001,Nov,Distrito Federal,0,1/1/2001
2002,Nov,Distrito Federal,1,1/1/2002
2003,Nov,Distrito Federal,0,1/1/2003
2004,Nov,Distrito Federal,0,1/1/2004
2005,Nov,Distrito Federal,2,1/1/2005
2006,Nov,Distrito Federal,0,1/1/2006
2007,Nov,Distrito Federal,0,1/1/2007
2008,Nov,Distrito Federal,4,1/1/2008
2009,Nov,Distrito Federal,,1/1/2009
2010,Nov,Distrito Federal,0,1/1/2010
2011,Nov,Distrito Federal,1,1/1/2011
2012,Nov,Distrito Federal,0,1/1/2012
2013,Nov,Distrito Federal,0,1/1/2013
2014,Nov,Distrito Federal,0,1/1/2014
2015,Nov,Distrito Federal,3,1/1/2015
2016,Nov,Distrito Federal,1,1/1/2016
2017,Nov,Distrito Federal,0,1/1/2017
1998,Dec,Distrito Federal,0,1/1/1998
1999,Dec,Distrito Federal,0,1/1/1999
2000,Dec,Distrito Federal,0,1/1/2000
2001,Dec,Distrito Federal,1,1/1/2001
2002,Dec,Distrito Federal,1,1/1/2002
2003,Dec,Distrito Federal,0,1/1/2003
2004,Dec,Distrito Federal,0,1/1/2004
2005,Dec,Distrito Federal,0,1/1/2005
2006,Dec,Distrito Federal,0,1/1/2006
2007,Dec,Distrito Federal,0,1/1/2007
2008,Dec,Distrito Federal,0,1/1/2008
2009,Dec,Distrito Federal,0,1/1/2009
2010,Dec,Distrito Federal,1,1/1/2010
2011,Dec,Distrito Federal,0,1/1/2011
2012,Dec,Distrito Federal,0,1/1/2012
2013,Dec,Distrito Federal,2,1/1/2013
2014,Dec,Distrito Federal,0,1/1/2014
2015,Dec,Distrito Federal,0,1/1/2015
2016,Dec,Distrito Federal,0,1/1/2016
1998,Jan,Espirito Santo,0,1/1/1998
1999,Jan,Espirito Santo,36,1/1/1999
2000,Jan,Espirito Santo,24,1/1/2000
2001,Jan,Espirito Santo,18,1/1/2001
2002,Jan,Espirito Santo,29,1/1/2002
2003,Jan,Espirito Santo,,1/1/2003
2004,Jan,Espirito Santo,22,1/1/2004
2005,Jan,Espirito Santo,28,1/1/2005
2006,Jan,Espirito Santo,109,1/1/2006
2007,Jan,Espirito Santo,91,1/1/2007
2008,Jan,Espirito Santo,85,1/1/2008
2009,Jan,Espirito Santo,74,1/1/2009
2010,Jan,Espirito Santo,118,1/1/2010
2011,Jan,Espirito Santo,61,1/1/2011
2012,Jan,Espirito Santo,75,1/1/2012
2013,Jan,Espirito Santo,75,1/1/2013
2014,Jan,Espirito Santo,133,1/1/2014
2015,Jan,Espirito Santo,147,1/1/2015
2016,Jan,Espirito Santo,61,1/1/2016
2017,Jan,Espirito Santo,,1/1/2017
1998,Feb,Espirito Santo,0,1/1/1998
1999,Feb,Espirito Santo,112,1/1/1999
2000,Feb,Espirito Santo,20,1/1/2000
2001,Feb,Espirito Santo,39,1/1/2001
2002,Feb,Espirito Santo,62,1/1/2002
2003,Feb,Espirito Santo,126,1/1/2003
2004,Feb,Espirito Santo,29,1/1/2004
2005,Feb,Espirito Santo,79,1/1/2005
2006,Feb,Espirito Santo,96,1/1/2006
2007,Feb,Espirito Santo,71,1/1/2007
2008,Feb,Espirito Santo,59,1/1/2008
2009,Feb,Espirito Santo,74,1/1/2009
2010,Feb,Espirito Santo,155,1/1/2010
2011,Feb,Espirito Santo,111,1/1/2011
2012,Feb,Espirito Santo,123,1/1/2012
2013,Feb,Espirito Santo,143,1/1/2013
2014,Feb,Espirito Santo,157,1/1/2014
2015,Feb,Espirito Santo,84,1/1/2015
2016,Feb,Espirito Santo,207,1/1/2016
2017,Feb,Espirito Santo,61,1/1/2017
1998,Mar,Espirito Santo,0,1/1/1998
1999,Mar,Espirito Santo,13,1/1/1999
2000,Mar,Espirito Santo,24,1/1/2000
2001,Mar,Espirito Santo,13,1/1/2001
2002,Mar,Espirito Santo,62,1/1/2002
2003,Mar,Espirito Santo,81,1/1/2003
2004,Mar,Espirito Santo,81,1/1/2004
2005,Mar,Espirito Santo,107,1/1/2005
2006,Mar,Espirito Santo,69,1/1/2006
2007,Mar,Espirito Santo,155,1/1/2007
2008,Mar,Espirito Santo,61,1/1/2008
2009,Mar,Espirito Santo,106,1/1/2009
2010,Mar,Espirito Santo,109,1/1/2010
2011,Mar,Espirito Santo,67,1/1/2011
2012,Mar,Espirito Santo,152,1/1/2012
2013,Mar,Espirito Santo,110,1/1/2013
2014,Mar,Espirito Santo,77,1/1/2014
2015,Mar,Espirito Santo,80,1/1/2015
2016,Mar,Espirito Santo,123,1/1/2016
2017,Mar,Espirito Santo,105,1/1/2017
1998,Apr,Espirito Santo,0,1/1/1998
1999,Apr,Espirito Santo,27,1/1/1999
2000,Apr,Espirito Santo,49,1/1/2000
2001,Apr,Espirito Santo,60,1/1/2001
2002,Apr,Espirito Santo,99,1/1/2002
2003,Apr,Espirito Santo,215,1/1/2003
2004,Apr,Espirito Santo,48,1/1/2004
2005,Apr,Espirito Santo,89,1/1/2005
2006,Apr,Espirito Santo,50,1/1/2006
2007,Apr,Espirito Santo,35,1/1/2007
2008,Apr,Espirito Santo,113,1/1/2008
2009,Apr,Espirito Santo,26,1/1/2009
2010,Apr,Espirito Santo,112,1/1/2010
2011,Apr,Espirito Santo,66,1/1/2011
2012,Apr,Espirito Santo,180,1/1/2012
2013,Apr,Espirito Santo,61,1/1/2013
2014,Apr,Espirito Santo,161,1/1/2014
2015,Apr,Espirito Santo,109,1/1/2015
2016,Apr,Espirito Santo,172,1/1/2016
2017,Apr,Espirito Santo,69,1/1/2017
1998,May,Espirito Santo,0,1/1/1998
1999,May,Espirito Santo,51,1/1/1999
2000,May,Espirito Santo,67,1/1/2000
2001,May,Espirito Santo,83,1/1/2001
2002,May,Espirito Santo,98,1/1/2002
2003,May,Espirito Santo,75,1/1/2003
2004,May,Espirito Santo,79,1/1/2004
2005,May,Espirito Santo,134,1/1/2005
2006,May,Espirito Santo,62,1/1/2006
2007,May,Espirito Santo,124,1/1/2007
2008,May,Espirito Santo,50,1/1/2008
2009,May,Espirito Santo,128,1/1/2009
2010,May,Espirito Santo,179,1/1/2010
2011,May,Espirito Santo,151,1/1/2011
2012,May,Espirito Santo,144,1/1/2012
2013,May,Espirito Santo,150,1/1/2013
2014,May,Espirito Santo,224,1/1/2014
2015,May,Espirito Santo,114,1/1/2015
2016,May,Espirito Santo,186,1/1/2016
2017,May,Espirito Santo,,1/1/2017
1998,Jun,Espirito Santo,70,1/1/1998
1999,Jun,Espirito Santo,132,1/1/1999
2000,Jun,Espirito Santo,135,1/1/2000
2001,Jun,Espirito Santo,166,1/1/2001
2002,Jun,Espirito Santo,207,1/1/2002
2003,Jun,Espirito Santo,245,1/1/2003
2004,Jun,Espirito Santo,209,1/1/2004
2005,Jun,Espirito Santo,246,1/1/2005
2006,Jun,Espirito Santo,73,1/1/2006
2007,Jun,Espirito Santo,184,1/1/2007
2008,Jun,Espirito Santo,48,1/1/2008
2009,Jun,Espirito Santo,173,1/1/2009
2010,Jun,Espirito Santo,139,1/1/2010
2011,Jun,Espirito Santo,304,1/1/2011
2012,Jun,Espirito Santo,219,1/1/2012
2013,Jun,Espirito Santo,144,1/1/2013
2014,Jun,Espirito Santo,376,1/1/2014
2015,Jun,Espirito Santo,200,1/1/2015
2016,Jun,Espirito Santo,263,1/1/2016
2017,Jun,Espirito Santo,360,1/1/2017
1998,Jul,Espirito Santo,232,1/1/1998
1999,Jul,Espirito Santo,318,1/1/1999
2000,Jul,Espirito Santo,345,1/1/2000
2001,Jul,Espirito Santo,266,1/1/2001
2002,Jul,Espirito Santo,741,1/1/2002
2003,Jul,Espirito Santo,407,1/1/2003
2004,Jul,Espirito Santo,625,1/1/2004
2005,Jul,Espirito Santo,467,1/1/2005
2006,Jul,Espirito Santo,336,1/1/2006
2007,Jul,Espirito Santo,446,1/1/2007
2008,Jul,Espirito Santo,,1/1/2008
2009,Jul,Espirito Santo,477,1/1/2009
2010,Jul,Espirito Santo,707,1/1/2010
2011,Jul,Espirito Santo,801,1/1/2011
2012,Jul,Espirito Santo,669,1/1/2012
2013,Jul,Espirito Santo,462,1/1/2013
2014,Jul,Espirito Santo,559,1/1/2014
2015,Jul,Espirito Santo,288,1/1/2015
2016,Jul,Espirito Santo,1.004,1/1/2016
2017,Jul,Espirito Santo,610,1/1/2017
1998,Aug,Espirito Santo,875,1/1/1998
1999,Aug,Espirito Santo,,1/1/1999
2000,Aug,Espirito Santo,769,1/1/2000
2001,Aug,Espirito Santo,858,1/1/2001
2002,Aug,Espirito Santo,2.041,1/1/2002
2003,Aug,Espirito Santo,1.955,1/1/2003
2004,Aug,Espirito Santo,1.642,1/1/2004
2005,Aug,Espirito Santo,1.029,1/1/2005
2006,Aug,Espirito Santo,959,1/1/2006
2007,Aug,Espirito Santo,2.975,1/1/2007
2008,Aug,Espirito Santo,605,1/1/2008
2009,Aug,Espirito Santo,685,1/1/2009
2010,Aug,Espirito Santo,3.353,1/1/2010
2011,Aug,Espirito Santo,2.742,1/1/2011
2012,Aug,Espirito Santo,901,1/1/2012
2013,Aug,Espirito Santo,911,1/1/2013
2014,Aug,Espirito Santo,1.952,1/1/2014
2015,Aug,Espirito Santo,1.059,1/1/2015
2016,Aug,Espirito Santo,1.433,1/1/2016
2017,Aug,Espirito Santo,2.142,1/1/2017
1998,Sep,Espirito Santo,1.981,1/1/1998
1999,Sep,Espirito Santo,,1/1/1999
2000,Sep,Espirito Santo,1.08,1/1/2000
2001,Sep,Espirito Santo,1.597,1/1/2001
2002,Sep,Espirito Santo,3.1,1/1/2002
2003,Sep,Espirito Santo,7.091,1/1/2003
2004,Sep,Espirito Santo,4.339,1/1/2004
2005,Sep,Espirito Santo,,1/1/2005
2006,Sep,Espirito Santo,2.78,1/1/2006
2007,Sep,Espirito Santo,5.088,1/1/2007
2008,Sep,Espirito Santo,2.552,1/1/2008
2009,Sep,Espirito Santo,1.31,1/1/2009
2010,Sep,Espirito Santo,,1/1/2010
2011,Sep,Espirito Santo,5.978,1/1/2011
2012,Sep,Espirito Santo,3.219,1/1/2012
2013,Sep,Espirito Santo,1.656,1/1/2013
2014,Sep,Espirito Santo,3.454,1/1/2014
2015,Sep,Espirito Santo,3.088,1/1/2015
2016,Sep,Espirito Santo,2.093,1/1/2016
2017,Sep,Espirito Santo,4.697,1/1/2017
1998,Oct,Espirito Santo,1.093,1/1/1998
1999,Oct,Espirito Santo,1.363,1/1/1999
2000,Oct,Espirito Santo,1.954,1/1/2000
2001,Oct,Espirito Santo,528,1/1/2001
2002,Oct,Espirito Santo,4.788,1/1/2002
2003,Oct,Espirito Santo,5.391,1/1/2003
2004,Oct,Espirito Santo,2.736,1/1/2004
2005,Oct,Espirito Santo,6.546,1/1/2005
2006,Oct,Espirito Santo,616,1/1/2006
2007,Oct,Espirito Santo,3.467,1/1/2007
2008,Oct,Espirito Santo,3.787,1/1/2008
2009,Oct,Espirito Santo,1.013,1/1/2009
2010,Oct,Espirito Santo,2.048,1/1/2010
2011,Oct,Espirito Santo,1.206,1/1/2011
2012,Oct,Espirito Santo,3.97,1/1/2012
2013,Oct,Espirito Santo,1.221,1/1/2013
2014,Oct,Espirito Santo,4.735,1/1/2014
2015,Oct,Espirito Santo,3.708,1/1/2015
2016,Oct,Espirito Santo,948,1/1/2016
2017,Oct,Espirito Santo,3.062,1/1/2017
1998,Nov,Espirito Santo,32,1/1/1998
1999,Nov,Espirito Santo,271,1/1/1999
2000,Nov,Espirito Santo,43,1/1/2000
2001,Nov,Espirito Santo,62,1/1/2001
2002,Nov,Espirito Santo,417,1/1/2002
2003,Nov,Espirito Santo,399,1/1/2003
2004,Nov,Espirito Santo,914,1/1/2004
2005,Nov,Espirito Santo,422,1/1/2005
2006,Nov,Espirito Santo,59,1/1/2006
2007,Nov,Espirito Santo,1.305,1/1/2007
2008,Nov,Espirito Santo,892,1/1/2008
2009,Nov,Espirito Santo,246,1/1/2009
2010,Nov,Espirito Santo,82,1/1/2010
2011,Nov,Espirito Santo,153,1/1/2011
2012,Nov,Espirito Santo,220,1/1/2012
2013,Nov,Espirito Santo,277,1/1/2013
2014,Nov,Espirito Santo,398,1/1/2014
2015,Nov,Espirito Santo,1.453,1/1/2015
2016,Nov,Espirito Santo,126,1/1/2016
2017,Nov,Espirito Santo,136,1/1/2017
1998,Dec,Espirito Santo,21,1/1/1998
1999,Dec,Espirito Santo,32,1/1/1999
2000,Dec,Espirito Santo,14,1/1/2000
2001,Dec,Espirito Santo,44,1/1/2001
2002,Dec,Espirito Santo,225,1/1/2002
2003,Dec,Espirito Santo,225,1/1/2003
2004,Dec,Espirito Santo,125,1/1/2004
2005,Dec,Espirito Santo,65,1/1/2005
2006,Dec,Espirito Santo,32,1/1/2006
2007,Dec,Espirito Santo,95,1/1/2007
2008,Dec,Espirito Santo,25,1/1/2008
2009,Dec,Espirito Santo,108,1/1/2009
2010,Dec,Espirito Santo,105,1/1/2010
2011,Dec,Espirito Santo,43,1/1/2011
2012,Dec,Espirito Santo,189,1/1/2012
2013,Dec,Espirito Santo,98,1/1/2013
2014,Dec,Espirito Santo,155,1/1/2014
2015,Dec,Espirito Santo,295,1/1/2015
2016,Dec,Espirito Santo,91,1/1/2016
1998,Jan,Goias,0,1/1/1998
1999,Jan,Goias,11,1/1/1999
2000,Jan,Goias,14,1/1/2000
2001,Jan,Goias,11,1/1/2001
2002,Jan,Goias,22,1/1/2002
2003,Jan,Goias,45,1/1/2003
2004,Jan,Goias,37,1/1/2004
2005,Jan,Goias,46,1/1/2005
2006,Jan,Goias,41,1/1/2006
2007,Jan,Goias,9,1/1/2007
2008,Jan,Goias,25,1/1/2008
2009,Jan,Goias,21,1/1/2009
2010,Jan,Goias,2,1/1/2010
2011,Jan,Goias,9,1/1/2011
2012,Jan,Goias,14,1/1/2012
2013,Jan,Goias,18,1/1/2013
2014,Jan,Goias,58,1/1/2014
2015,Jan,Goias,28,1/1/2015
2016,Jan,Goias,53,1/1/2016
2017,Jan,Goias,46,1/1/2017
1998,Feb,Goias,0,1/1/1998
1999,Feb,Goias,2,1/1/1999
2000,Feb,Goias,8,1/1/2000
2001,Feb,Goias,0,1/1/2001
2002,Feb,Goias,5,1/1/2002
2003,Feb,Goias,43,1/1/2003
2004,Feb,Goias,29,1/1/2004
2005,Feb,Goias,46,1/1/2005
2006,Feb,Goias,18,1/1/2006
2007,Feb,Goias,14,1/1/2007
2008,Feb,Goias,29,1/1/2008
2009,Feb,Goias,7,1/1/2009
2010,Feb,Goias,15,1/1/2010
2011,Feb,Goias,1,1/1/2011
2012,Feb,Goias,13,1/1/2012
2013,Feb,Goias,12,1/1/2013
2014,Feb,Goias,27,1/1/2014
2015,Feb,Goias,23,1/1/2015
2016,Feb,Goias,10,1/1/2016
2017,Feb,Goias,31,1/1/2017
1998,Mar,Goias,0,1/1/1998
1999,Mar,Goias,7,1/1/1999
2000,Mar,Goias,46,1/1/2000
2001,Mar,Goias,1,1/1/2001
2002,Mar,Goias,12,1/1/2002
2003,Mar,Goias,58,1/1/2003
2004,Mar,Goias,73,1/1/2004
2005,Mar,Goias,92,1/1/2005
2006,Mar,Goias,48,1/1/2006
2007,Mar,Goias,23,1/1/2007
2008,Mar,Goias,14,1/1/2008
2009,Mar,Goias,33,1/1/2009
2010,Mar,Goias,9,1/1/2010
2011,Mar,Goias,8,1/1/2011
2012,Mar,Goias,65,1/1/2012
2013,Mar,Goias,14,1/1/2013
2014,Mar,Goias,15,1/1/2014
2015,Mar,Goias,37,1/1/2015
2016,Mar,Goias,21,1/1/2016
2017,Mar,Goias,12,1/1/2017
1998,Apr,Goias,0,1/1/1998
1999,Apr,Goias,0,1/1/1999
2000,Apr,Goias,7,1/1/2000
2001,Apr,Goias,1,1/1/2001
2002,Apr,Goias,7,1/1/2002
2003,Apr,Goias,120,1/1/2003
2004,Apr,Goias,59,1/1/2004
2005,Apr,Goias,25,1/1/2005
2006,Apr,Goias,30,1/1/2006
2007,Apr,Goias,2,1/1/2007
2008,Apr,Goias,31,1/1/2008
2009,Apr,Goias,57,1/1/2009
2010,Apr,Goias,19,1/1/2010
2011,Apr,Goias,5,1/1/2011
2012,Apr,Goias,40,1/1/2012
2013,Apr,Goias,46,1/1/2013
2014,Apr,Goias,34,1/1/2014
2015,Apr,Goias,32,1/1/2015
2016,Apr,Goias,36,1/1/2016
2017,Apr,Goias,26,1/1/2017
1998,May,Goias,0,1/1/1998
1999,May,Goias,1,1/1/1999
2000,May,Goias,0,1/1/2000
2001,May,Goias,2,1/1/2001
2002,May,Goias,3,1/1/2002
2003,May,Goias,84,1/1/2003
2004,May,Goias,2,1/1/2004
2005,May,Goias,21,1/1/2005
2006,May,Goias,33,1/1/2006
2007,May,Goias,2,1/1/2007
2008,May,Goias,15,1/1/2008
2009,May,Goias,33,1/1/2009
2010,May,Goias,1,1/1/2010
2011,May,Goias,16,1/1/2011
2012,May,Goias,60,1/1/2012
2013,May,Goias,52,1/1/2013
2014,May,Goias,42,1/1/2014
2015,May,Goias,70,1/1/2015
2016,May,Goias,26,1/1/2016
2017,May,Goias,36,1/1/2017
1998,Jun,Goias,2,1/1/1998
1999,Jun,Goias,0,1/1/1999
2000,Jun,Goias,2,1/1/2000
2001,Jun,Goias,1,1/1/2001
2002,Jun,Goias,0,1/1/2002
2003,Jun,Goias,68,1/1/2003
2004,Jun,Goias,127,1/1/2004
2005,Jun,Goias,58,1/1/2005
2006,Jun,Goias,32,1/1/2006
2007,Jun,Goias,11,1/1/2007
2008,Jun,Goias,2,1/1/2008
2009,Jun,Goias,14,1/1/2009
2010,Jun,Goias,1,1/1/2010
2011,Jun,Goias,26,1/1/2011
2012,Jun,Goias,42,1/1/2012
2013,Jun,Goias,31,1/1/2013
2014,Jun,Goias,3,1/1/2014
2015,Jun,Goias,104,1/1/2015
2016,Jun,Goias,79,1/1/2016
2017,Jun,Goias,70,1/1/2017
1998,Jul,Goias,0,1/1/1998
1999,Jul,Goias,2,1/1/1999
2000,Jul,Goias,21,1/1/2000
2001,Jul,Goias,5,1/1/2001
2002,Jul,Goias,82,1/1/2002
2003,Jul,Goias,43,1/1/2003
2004,Jul,Goias,94,1/1/2004
2005,Jul,Goias,90,1/1/2005
2006,Jul,Goias,74,1/1/2006
2007,Jul,Goias,12,1/1/2007
2008,Jul,Goias,46,1/1/2008
2009,Jul,Goias,26,1/1/2009
2010,Jul,Goias,31,1/1/2010
2011,Jul,Goias,31,1/1/2011
2012,Jul,Goias,42,1/1/2012
2013,Jul,Goias,69,1/1/2013
2014,Jul,Goias,82,1/1/2014
2015,Jul,Goias,45,1/1/2015
2016,Jul,Goias,480,1/1/2016
2017,Jul,Goias,591,1/1/2017
1998,Aug,Goias,0,1/1/1998
1999,Aug,Goias,51,1/1/1999
2000,Aug,Goias,69,1/1/2000
2001,Aug,Goias,24,1/1/2001
2002,Aug,Goias,702,1/1/2002
2003,Aug,Goias,1.513,1/1/2003
2004,Aug,Goias,728,1/1/2004
2005,Aug,Goias,391,1/1/2005
2006,Aug,Goias,728,1/1/2006
2007,Aug,Goias,462,1/1/2007
2008,Aug,Goias,,1/1/2008
2009,Aug,Goias,759,1/1/2009
2010,Aug,Goias,511,1/1/2010
2011,Aug,Goias,175,1/1/2011
2012,Aug,Goias,398,1/1/2012
2013,Aug,Goias,236,1/1/2013
2014,Aug,Goias,459,1/1/2014
2015,Aug,Goias,379,1/1/2015
2016,Aug,Goias,,1/1/2016
2017,Aug,Goias,713,1/1/2017
1998,Sep,Goias,6,1/1/1998
1999,Sep,Goias,101,1/1/1999
2000,Sep,Goias,36,1/1/2000
2001,Sep,Goias,18,1/1/2001
2002,Sep,Goias,416,1/1/2002
2003,Sep,Goias,1.339,1/1/2003
2004,Sep,Goias,755,1/1/2004
2005,Sep,Goias,116,1/1/2005
2006,Sep,Goias,530,1/1/2006
2007,Sep,Goias,617,1/1/2007
2008,Sep,Goias,233,1/1/2008
2009,Sep,Goias,47,1/1/2009
2010,Sep,Goias,198,1/1/2010
2011,Sep,Goias,450,1/1/2011
2012,Sep,Goias,188,1/1/2012
2013,Sep,Goias,303,1/1/2013
2014,Sep,Goias,208,1/1/2014
2015,Sep,Goias,156,1/1/2015
2016,Sep,Goias,644,1/1/2016
2017,Sep,Goias,626,1/1/2017
1998,Oct,Goias,4,1/1/1998
1999,Oct,Goias,16,1/1/1999
2000,Oct,Goias,55,1/1/2000
2001,Oct,Goias,26,1/1/2001
2002,Oct,Goias,42,1/1/2002
2003,Oct,Goias,669,1/1/2003
2004,Oct,Goias,704,1/1/2004
2005,Oct,Goias,197,1/1/2005
2006,Oct,Goias,269,1/1/2006
2007,Oct,Goias,35,1/1/2007
2008,Oct,Goias,56,1/1/2008
2009,Oct,Goias,252,1/1/2009
2010,Oct,Goias,76,1/1/2010
2011,Oct,Goias,102,1/1/2011
2012,Oct,Goias,34,1/1/2012
2013,Oct,Goias,,1/1/2013
2014,Oct,Goias,122,1/1/2014
2015,Oct,Goias,21,1/1/2015
2016,Oct,Goias,56,1/1/2016
2017,Oct,Goias,51,1/1/2017
1998,Nov,Goias,21,1/1/1998
1999,Nov,Goias,84,1/1/1999
2000,Nov,Goias,19,1/1/2000
2001,Nov,Goias,66,1/1/2001
2002,Nov,Goias,348,1/1/2002
2003,Nov,Goias,347,1/1/2003
2004,Nov,Goias,279,1/1/2004
2005,Nov,Goias,384,1/1/2005
2006,Nov,Goias,45,1/1/2006
2007,Nov,Goias,26,1/1/2007
2008,Nov,Goias,16,1/1/2008
2009,Nov,Goias,61,1/1/2009
2010,Nov,Goias,88,1/1/2010
2011,Nov,Goias,79,1/1/2011
2012,Nov,Goias,72,1/1/2012
2013,Nov,Goias,84,1/1/2013
2014,Nov,Goias,43,1/1/2014
2015,Nov,Goias,9,1/1/2015
2016,Nov,Goias,156,1/1/2016
2017,Nov,Goias,152,1/1/2017
1998,Dec,Goias,26,1/1/1998
1999,Dec,Goias,89,1/1/1999
2000,Dec,Goias,29,1/1/2000
2001,Dec,Goias,45,1/1/2001
2002,Dec,Goias,76,1/1/2002
2003,Dec,Goias,129,1/1/2003
2004,Dec,Goias,68,1/1/2004
2005,Dec,Goias,17,1/1/2005
2006,Dec,Goias,7,1/1/2006
2007,Dec,Goias,17,1/1/2007
2008,Dec,Goias,29,1/1/2008
2009,Dec,Goias,20,1/1/2009
2010,Dec,Goias,23,1/1/2010
2011,Dec,Goias,24,1/1/2011
2012,Dec,Goias,32,1/1/2012
2013,Dec,Goias,,1/1/2013
2014,Dec,Goias,45,1/1/2014
2015,Dec,Goias,19,1/1/2015
2016,Dec,Goias,20,1/1/2016
1998,Jan,Maranhao,0,1/1/1998
1999,Jan,Maranhao,54,1/1/1999
2000,Jan,Maranhao,19,1/1/2000
2001,Jan,Maranhao,29,1/1/2001
2002,Jan,Maranhao,48,1/1/2002
2003,Jan,Maranhao,436,1/1/2003
2004,Jan,Maranhao,241,1/1/2004
2005,Jan,Maranhao,450,1/1/2005
2006,Jan,Maranhao,221,1/1/2006
2007,Jan,Maranhao,428,1/1/2007
2008,Jan,Maranhao,121,1/1/2008
2009,Jan,Maranhao,,1/1/2009
2010,Jan,Maranhao,319,1/1/2010
2011,Jan,Maranhao,124,1/1/2011
2012,Jan,Maranhao,326,1/1/2012
2013,Jan,Maranhao,209,1/1/2013
2014,Jan,Maranhao,195,1/1/2014
2015,Jan,Maranhao,494,1/1/2015
2016,Jan,Maranhao,412,1/1/2016
2017,Jan,Maranhao,187,1/1/2017
1998,Feb,Maranhao,0,1/1/1998
1999,Feb,Maranhao,6,1/1/1999
2000,Feb,Maranhao,11,1/1/2000
2001,Feb,Maranhao,1,1/1/2001
2002,Feb,Maranhao,116,1/1/2002
2003,Feb,Maranhao,11,1/1/2003
2004,Feb,Maranhao,22,1/1/2004
2005,Feb,Maranhao,56,1/1/2005
2006,Feb,Maranhao,22,1/1/2006
2007,Feb,Maranhao,13,1/1/2007
2008,Feb,Maranhao,45,1/1/2008
2009,Feb,Maranhao,20,1/1/2009
2010,Feb,Maranhao,93,1/1/2010
2011,Feb,Maranhao,9,1/1/2011
2012,Feb,Maranhao,46,1/1/2012
2013,Feb,Maranhao,62,1/1/2013
2014,Feb,Maranhao,29,1/1/2014
2015,Feb,Maranhao,95,1/1/2015
2016,Feb,Maranhao,318,1/1/2016
2017,Feb,Maranhao,47,1/1/2017
1998,Mar,Maranhao,0,1/1/1998
1999,Mar,Maranhao,17,1/1/1999
2000,Mar,Maranhao,6,1/1/2000
2001,Mar,Maranhao,0,1/1/2001
2002,Mar,Maranhao,16,1/1/2002
2003,Mar,Maranhao,16,1/1/2003
2004,Mar,Maranhao,18,1/1/2004
2005,Mar,Maranhao,9,1/1/2005
2006,Mar,Maranhao,14,1/1/2006
2007,Mar,Maranhao,52,1/1/2007
2008,Mar,Maranhao,4,1/1/2008
2009,Mar,Maranhao,33,1/1/2009
2010,Mar,Maranhao,82,1/1/2010
2011,Mar,Maranhao,22,1/1/2011
2012,Mar,Maranhao,49,1/1/2012
2013,Mar,Maranhao,30,1/1/2013
2014,Mar,Maranhao,59,1/1/2014
2015,Mar,Maranhao,53,1/1/2015
2016,Mar,Maranhao,113,1/1/2016
2017,Mar,Maranhao,32,1/1/2017
1998,Apr,Maranhao,0,1/1/1998
1999,Apr,Maranhao,4,1/1/1999
2000,Apr,Maranhao,6,1/1/2000
2001,Apr,Maranhao,2,1/1/2001
2002,Apr,Maranhao,28,1/1/2002
2003,Apr,Maranhao,79,1/1/2003
2004,Apr,Maranhao,,1/1/2004
2005,Apr,Maranhao,43,1/1/2005
2006,Apr,Maranhao,9,1/1/2006
2007,Apr,Maranhao,5,1/1/2007
2008,Apr,Maranhao,26,1/1/2008
2009,Apr,Maranhao,14,1/1/2009
2010,Apr,Maranhao,128,1/1/2010
2011,Apr,Maranhao,37,1/1/2011
2012,Apr,Maranhao,97,1/1/2012
2013,Apr,Maranhao,62,1/1/2013
2014,Apr,Maranhao,78,1/1/2014
2015,Apr,Maranhao,119,1/1/2015
2016,Apr,Maranhao,113,1/1/2016
2017,Apr,Maranhao,91,1/1/2017
1998,May,Maranhao,0,1/1/1998
1999,May,Maranhao,3,1/1/1999
2000,May,Maranhao,28,1/1/2000
2001,May,Maranhao,21,1/1/2001
2002,May,Maranhao,71,1/1/2002
2003,May,Maranhao,60,1/1/2003
2004,May,Maranhao,145,1/1/2004
2005,May,Maranhao,74,1/1/2005
2006,May,Maranhao,5,1/1/2006
2007,May,Maranhao,73,1/1/2007
2008,May,Maranhao,26,1/1/2008
2009,May,Maranhao,19,1/1/2009
2010,May,Maranhao,273,1/1/2010
2011,May,Maranhao,73,1/1/2011
2012,May,Maranhao,286,1/1/2012
2013,May,Maranhao,100,1/1/2013
2014,May,Maranhao,148,1/1/2014
2015,May,Maranhao,194,1/1/2015
2016,May,Maranhao,206,1/1/2016
2017,May,Maranhao,142,1/1/2017
1998,Jun,Maranhao,78,1/1/1998
1999,Jun,Maranhao,32,1/1/1999
2000,Jun,Maranhao,94,1/1/2000
2001,Jun,Maranhao,100,1/1/2001
2002,Jun,Maranhao,230,1/1/2002
2003,Jun,Maranhao,338,1/1/2003
2004,Jun,Maranhao,706,1/1/2004
2005,Jun,Maranhao,529,1/1/2005
2006,Jun,Maranhao,131,1/1/2006
2007,Jun,Maranhao,515,1/1/2007
2008,Jun,Maranhao,235,1/1/2008
2009,Jun,Maranhao,279,1/1/2009
2010,Jun,Maranhao,494,1/1/2010
2011,Jun,Maranhao,602,1/1/2011
2012,Jun,Maranhao,915,1/1/2012
2013,Jun,Maranhao,498,1/1/2013
2014,Jun,Maranhao,812,1/1/2014
2015,Jun,Maranhao,887,1/1/2015
2016,Jun,Maranhao,709,1/1/2016
2017,Jun,Maranhao,885,1/1/2017
1998,Jul,Maranhao,274,1/1/1998
1999,Jul,Maranhao,258,1/1/1999
2000,Jul,Maranhao,233,1/1/2000
2001,Jul,Maranhao,549,1/1/2001
2002,Jul,Maranhao,1.271,1/1/2002
2003,Jul,Maranhao,1.103,1/1/2003
2004,Jul,Maranhao,1.366,1/1/2004
2005,Jul,Maranhao,1.152,1/1/2005
2006,Jul,Maranhao,512,1/1/2006
2007,Jul,Maranhao,1.205,1/1/2007
2008,Jul,Maranhao,502,1/1/2008
2009,Jul,Maranhao,972,1/1/2009
2010,Jul,Maranhao,2.323,1/1/2010
2011,Jul,Maranhao,1.024,1/1/2011
2012,Jul,Maranhao,3.548,1/1/2012
2013,Jul,Maranhao,1.111,1/1/2013
2014,Jul,Maranhao,2.068,1/1/2014
2015,Jul,Maranhao,1.642,1/1/2015
2016,Jul,Maranhao,2.096,1/1/2016
2017,Jul,Maranhao,2.521,1/1/2017
1998,Aug,Maranhao,1.176,1/1/1998
1999,Aug,Maranhao,895,1/1/1999
2000,Aug,Maranhao,839,1/1/2000
2001,Aug,Maranhao,2.037,1/1/2001
2002,Aug,Maranhao,3.481,1/1/2002
2003,Aug,Maranhao,2.023,1/1/2003
2004,Aug,Maranhao,1.889,1/1/2004
2005,Aug,Maranhao,,1/1/2005
2006,Aug,Maranhao,1.382,1/1/2006
2007,Aug,Maranhao,8.409,1/1/2007
2008,Aug,Maranhao,713,1/1/2008
2009,Aug,Maranhao,1.766,1/1/2009
2010,Aug,Maranhao,6.353,1/1/2010
2011,Aug,Maranhao,2.138,1/1/2011
2012,Aug,Maranhao,10.395,1/1/2012
2013,Aug,Maranhao,2.098,1/1/2013
2014,Aug,Maranhao,5.592,1/1/2014
2015,Aug,Maranhao,5.428,1/1/2015
2016,Aug,Maranhao,,1/1/2016
2017,Aug,Maranhao,3.875,1/1/2017
1998,Sep,Maranhao,3.935,1/1/1998
1999,Sep,Maranhao,1.739,1/1/1999
2000,Sep,Maranhao,1.365,1/1/2000
2001,Sep,Maranhao,4.618,1/1/2001
2002,Sep,Maranhao,3.181,1/1/2002
2003,Sep,Maranhao,5.878,1/1/2003
2004,Sep,Maranhao,4.673,1/1/2004
2005,Sep,Maranhao,6.292,1/1/2005
2006,Sep,Maranhao,2.907,1/1/2006
2007,Sep,Maranhao,8.524,1/1/2007
2008,Sep,Maranhao,2.761,1/1/2008
2009,Sep,Maranhao,2.404,1/1/2009
2010,Sep,Maranhao,9.795,1/1/2010
2011,Sep,Maranhao,4.632,1/1/2011
2012,Sep,Maranhao,7.626,1/1/2012
2013,Sep,Maranhao,3.88,1/1/2013
2014,Sep,Maranhao,4.373,1/1/2014
2015,Sep,Maranhao,6.423,1/1/2015
2016,Sep,Maranhao,3.166,1/1/2016
2017,Sep,Maranhao,14.825,1/1/2017
1998,Oct,Maranhao,5.137,1/1/1998
1999,Oct,Maranhao,3.208,1/1/1999
2000,Oct,Maranhao,2.654,1/1/2000
2001,Oct,Maranhao,6.661,1/1/2001
2002,Oct,Maranhao,5.182,1/1/2002
2003,Oct,Maranhao,6.085,1/1/2003
2004,Oct,Maranhao,3.604,1/1/2004
2005,Oct,Maranhao,6.472,1/1/2005
2006,Oct,Maranhao,3.024,1/1/2006
2007,Oct,Maranhao,4.772,1/1/2007
2008,Oct,Maranhao,3.498,1/1/2008
2009,Oct,Maranhao,1.861,1/1/2009
2010,Oct,Maranhao,3.228,1/1/2010
2011,Oct,Maranhao,2.404,1/1/2011
2012,Oct,Maranhao,5,1/1/2012
2013,Oct,Maranhao,2.918,1/1/2013
2014,Oct,Maranhao,5.812,1/1/2014
2015,Oct,Maranhao,6.746,1/1/2015
2016,Oct,Maranhao,5.351,1/1/2016
2017,Oct,Maranhao,6.011,1/1/2017
1998,Nov,Maranhao,2.237,1/1/1998
1999,Nov,Maranhao,1.494,1/1/1999
2000,Nov,Maranhao,2.267,1/1/2000
2001,Nov,Maranhao,3.525,1/1/2001
2002,Nov,Maranhao,5.83,1/1/2002
2003,Nov,Maranhao,4.929,1/1/2003
2004,Nov,Maranhao,6.398,1/1/2004
2005,Nov,Maranhao,4.769,1/1/2005
2006,Nov,Maranhao,2.004,1/1/2006
2007,Nov,Maranhao,2.297,1/1/2007
2008,Nov,Maranhao,2.331,1/1/2008
2009,Nov,Maranhao,5,1/1/2009
2010,Nov,Maranhao,4.005,1/1/2010
2011,Nov,Maranhao,2.261,1/1/2011
2012,Nov,Maranhao,2.01,1/1/2012
2013,Nov,Maranhao,2.529,1/1/2013
2014,Nov,Maranhao,3.869,1/1/2014
2015,Nov,Maranhao,4.35,1/1/2015
2016,Nov,Maranhao,3.982,1/1/2016
2017,Nov,Maranhao,2.3,1/1/2017
1998,Dec,Maranhao,1.399,1/1/1998
1999,Dec,Maranhao,1.001,1/1/1999
2000,Dec,Maranhao,1.461,1/1/2000
2001,Dec,Maranhao,1.296,1/1/2001
2002,Dec,Maranhao,2.165,1/1/2002
2003,Dec,Maranhao,2.424,1/1/2003
2004,Dec,Maranhao,3.255,1/1/2004
2005,Dec,Maranhao,1.66,1/1/2005
2006,Dec,Maranhao,1.052,1/1/2006
2007,Dec,Maranhao,800,1/1/2007
2008,Dec,Maranhao,1.101,1/1/2008
2009,Dec,Maranhao,1.768,1/1/2009
2010,Dec,Maranhao,1.803,1/1/2010
2011,Dec,Maranhao,1.629,1/1/2011
2012,Dec,Maranhao,1.296,1/1/2012
2013,Dec,Maranhao,2.692,1/1/2013
2014,Dec,Maranhao,2.4,1/1/2014
2015,Dec,Maranhao,3.706,1/1/2015
2016,Dec,Maranhao,1.577,1/1/2016
1998,Jan,Mato Grosso,0,1/1/1998
1999,Jan,Mato Grosso,39,1/1/1999
2000,Jan,Mato Grosso,44,1/1/2000
2001,Jan,Mato Grosso,44,1/1/2001
2002,Jan,Mato Grosso,172,1/1/2002
2003,Jan,Mato Grosso,896,1/1/2003
2004,Jan,Mato Grosso,301,1/1/2004
2005,Jan,Mato Grosso,438,1/1/2005
2006,Jan,Mato Grosso,947,1/1/2006
2007,Jan,Mato Grosso,476,1/1/2007
2008,Jan,Mato Grosso,245,1/1/2008
2009,Jan,Mato Grosso,527,1/1/2009
2010,Jan,Mato Grosso,298,1/1/2010
2011,Jan,Mato Grosso,171,1/1/2011
2012,Jan,Mato Grosso,166,1/1/2012
2013,Jan,Mato Grosso,269,1/1/2013
2014,Jan,Mato Grosso,315,1/1/2014
2015,Jan,Mato Grosso,960,1/1/2015
2016,Jan,Mato Grosso,374,1/1/2016
2017,Jan,Mato Grosso,482,1/1/2017
1998,Feb,Mato Grosso,0,1/1/1998
1999,Feb,Mato Grosso,28,1/1/1999
2000,Feb,Mato Grosso,35,1/1/2000
2001,Feb,Mato Grosso,54,1/1/2001
2002,Feb,Mato Grosso,22,1/1/2002
2003,Feb,Mato Grosso,592,1/1/2003
2004,Feb,Mato Grosso,272,1/1/2004
2005,Feb,Mato Grosso,871,1/1/2005
2006,Feb,Mato Grosso,383,1/1/2006
2007,Feb,Mato Grosso,213,1/1/2007
2008,Feb,Mato Grosso,180,1/1/2008
2009,Feb,Mato Grosso,248,1/1/2009
2010,Feb,Mato Grosso,431,1/1/2010
2011,Feb,Mato Grosso,119,1/1/2011
2012,Feb,Mato Grosso,193,1/1/2012
2013,Feb,Mato Grosso,375,1/1/2013
2014,Feb,Mato Grosso,199,1/1/2014
2015,Feb,Mato Grosso,542,1/1/2015
2016,Feb,Mato Grosso,1.05,1/1/2016
2017,Feb,Mato Grosso,337,1/1/2017
1998,Mar,Mato Grosso,0,1/1/1998
1999,Mar,Mato Grosso,18,1/1/1999
2000,Mar,Mato Grosso,60,1/1/2000
2001,Mar,Mato Grosso,24,1/1/2001
2002,Mar,Mato Grosso,103,1/1/2002
2003,Mar,Mato Grosso,554,1/1/2003
2004,Mar,Mato Grosso,743,1/1/2004
2005,Mar,Mato Grosso,362,1/1/2005
2006,Mar,Mato Grosso,448,1/1/2006
2007,Mar,Mato Grosso,476,1/1/2007
2008,Mar,Mato Grosso,180,1/1/2008
2009,Mar,Mato Grosso,325,1/1/2009
2010,Mar,Mato Grosso,605,1/1/2010
2011,Mar,Mato Grosso,252,1/1/2011
2012,Mar,Mato Grosso,423,1/1/2012
2013,Mar,Mato Grosso,563,1/1/2013
2014,Mar,Mato Grosso,655,1/1/2014
2015,Mar,Mato Grosso,705,1/1/2015
2016,Mar,Mato Grosso,1.085,1/1/2016
2017,Mar,Mato Grosso,719,1/1/2017
1998,Apr,Mato Grosso,,1/1/1998
1999,Apr,Mato Grosso,76,1/1/1999
2000,Apr,Mato Grosso,59,1/1/2000
2001,Apr,Mato Grosso,309,1/1/2001
2002,Apr,Mato Grosso,641,1/1/2002
2003,Apr,Mato Grosso,903,1/1/2003
2004,Apr,Mato Grosso,441,1/1/2004
2005,Apr,Mato Grosso,372,1/1/2005
2006,Apr,Mato Grosso,,1/1/2006
2007,Apr,Mato Grosso,79,1/1/2007
2008,Apr,Mato Grosso,274,1/1/2008
2009,Apr,Mato Grosso,169,1/1/2009
2010,Apr,Mato Grosso,769,1/1/2010
2011,Apr,Mato Grosso,345,1/1/2011
2012,Apr,Mato Grosso,521,1/1/2012
2013,Apr,Mato Grosso,338,1/1/2013
2014,Apr,Mato Grosso,859,1/1/2014
2015,Apr,Mato Grosso,947,1/1/2015
2016,Apr,Mato Grosso,1.77,1/1/2016
2017,Apr,Mato Grosso,606,1/1/2017
1998,May,Mato Grosso,0,1/1/1998
1999,May,Mato Grosso,731,1/1/1999
2000,May,Mato Grosso,1.194,1/1/2000
2001,May,Mato Grosso,1.193,1/1/2001
2002,May,Mato Grosso,2.528,1/1/2002
2003,May,Mato Grosso,942,1/1/2003
2004,May,Mato Grosso,2.413,1/1/2004
2005,May,Mato Grosso,1.641,1/1/2005
2006,May,Mato Grosso,269,1/1/2006
2007,May,Mato Grosso,359,1/1/2007
2008,May,Mato Grosso,119,1/1/2008
2009,May,Mato Grosso,516,1/1/2009
2010,May,Mato Grosso,1.313,1/1/2010
2011,May,Mato Grosso,547,1/1/2011
2012,May,Mato Grosso,812,1/1/2012
2013,May,Mato Grosso,739,1/1/2013
2014,May,Mato Grosso,933,1/1/2014
2015,May,Mato Grosso,541,1/1/2015
2016,May,Mato Grosso,1.081,1/1/2016
2017,May,Mato Grosso,845,1/1/2017
1998,Jun,Mato Grosso,2.201,1/1/1998
1999,Jun,Mato Grosso,2.201,1/1/1999
2000,Jun,Mato Grosso,4.358,1/1/2000
2001,Jun,Mato Grosso,6.665,1/1/2001
2002,Jun,Mato Grosso,7.878,1/1/2002
2003,Jun,Mato Grosso,4.313,1/1/2003
2004,Jun,Mato Grosso,9.813,1/1/2004
2005,Jun,Mato Grosso,2.294,1/1/2005
2006,Jun,Mato Grosso,856,1/1/2006
2007,Jun,Mato Grosso,1.339,1/1/2007
2008,Jun,Mato Grosso,403,1/1/2008
2009,Jun,Mato Grosso,979,1/1/2009
2010,Jun,Mato Grosso,1.025,1/1/2010
2011,Jun,Mato Grosso,974,1/1/2011
2012,Jun,Mato Grosso,1.651,1/1/2012
2013,Jun,Mato Grosso,1.213,1/1/2013
2014,Jun,Mato Grosso,1.795,1/1/2014
2015,Jun,Mato Grosso,1.402,1/1/2015
2016,Jun,Mato Grosso,1.417,1/1/2016
2017,Jun,Mato Grosso,2.041,1/1/2017
1998,Jul,Mato Grosso,3.712,1/1/1998
1999,Jul,Mato Grosso,3.926,1/1/1999
2000,Jul,Mato Grosso,1.338,1/1/2000
2001,Jul,Mato Grosso,1.555,1/1/2001
2002,Jul,Mato Grosso,5.661,1/1/2002
2003,Jul,Mato Grosso,5.435,1/1/2003
2004,Jul,Mato Grosso,11.517,1/1/2004
2005,Jul,Mato Grosso,4.172,1/1/2005
2006,Jul,Mato Grosso,1.941,1/1/2006
2007,Jul,Mato Grosso,1.79,1/1/2007
2008,Jul,Mato Grosso,1.117,1/1/2008
2009,Jul,Mato Grosso,1.613,1/1/2009
2010,Jul,Mato Grosso,3.442,1/1/2010
2011,Jul,Mato Grosso,1.061,1/1/2011
2012,Jul,Mato Grosso,2.008,1/1/2012
2013,Jul,Mato Grosso,1.63,1/1/2013
2014,Jul,Mato Grosso,2.255,1/1/2014
2015,Jul,Mato Grosso,1.533,1/1/2015
2016,Jul,Mato Grosso,3.495,1/1/2016
2017,Jul,Mato Grosso,2.79,1/1/2017
1998,Aug,Mato Grosso,15.406,1/1/1998
1999,Aug,Mato Grosso,18.566,1/1/1999
2000,Aug,Mato Grosso,6.063,1/1/2000
2001,Aug,Mato Grosso,7.762,1/1/2001
2002,Aug,Mato Grosso,14.086,1/1/2002
2003,Aug,Mato Grosso,11.132,1/1/2003
2004,Aug,Mato Grosso,13.603,1/1/2004
2005,Aug,Mato Grosso,11.57,1/1/2005
2006,Aug,Mato Grosso,6.218,1/1/2006
2007,Aug,Mato Grosso,14.453,1/1/2007
2008,Aug,Mato Grosso,2.875,1/1/2008
2009,Aug,Mato Grosso,2.25,1/1/2009
2010,Aug,Mato Grosso,14.608,1/1/2010
2011,Aug,Mato Grosso,2.628,1/1/2011
2012,Aug,Mato Grosso,6.195,1/1/2012
2013,Aug,Mato Grosso,3.568,1/1/2013
2014,Aug,Mato Grosso,7.167,1/1/2014
2015,Aug,Mato Grosso,5.112,1/1/2015
2016,Aug,Mato Grosso,6.228,1/1/2016
2017,Aug,Mato Grosso,6.229,1/1/2017
1998,Sep,Mato Grosso,10.363,1/1/1998
1999,Sep,Mato Grosso,11.729,1/1/1999
2000,Sep,Mato Grosso,6.251,1/1/2000
2001,Sep,Mato Grosso,8.49,1/1/2001
2002,Sep,Mato Grosso,11.034,1/1/2002
2003,Sep,Mato Grosso,15.79,1/1/2003
2004,Sep,Mato Grosso,24.994,1/1/2004
2005,Sep,Mato Grosso,20.551,1/1/2005
2006,Sep,Mato Grosso,12.661,1/1/2006
2007,Sep,Mato Grosso,25.963,1/1/2007
2008,Sep,Mato Grosso,7.965,1/1/2008
2009,Sep,Mato Grosso,3.129,1/1/2009
2010,Sep,Mato Grosso,18.366,1/1/2010
2011,Sep,Mato Grosso,6.332,1/1/2011
2012,Sep,Mato Grosso,10.344,1/1/2012
2013,Sep,Mato Grosso,5.576,1/1/2013
2014,Sep,Mato Grosso,7.081,1/1/2014
2015,Sep,Mato Grosso,11.068,1/1/2015
2016,Sep,Mato Grosso,8.98,1/1/2016
2017,Sep,Mato Grosso,23.945,1/1/2017
1998,Oct,Mato Grosso,2.707,1/1/1998
1999,Oct,Mato Grosso,6.109,1/1/1999
2000,Oct,Mato Grosso,6.062,1/1/2000
2001,Oct,Mato Grosso,6.543,1/1/2001
2002,Oct,Mato Grosso,9.375,1/1/2002
2003,Oct,Mato Grosso,5.341,1/1/2003
2004,Oct,Mato Grosso,9.295,1/1/2004
2005,Oct,Mato Grosso,7.765,1/1/2005
2006,Oct,Mato Grosso,2.327,1/1/2006
2007,Oct,Mato Grosso,4.89,1/1/2007
2008,Oct,Mato Grosso,6.326,1/1/2008
2009,Oct,Mato Grosso,2.579,1/1/2009
2010,Oct,Mato Grosso,4.465,1/1/2010
2011,Oct,Mato Grosso,2.01,1/1/2011
2012,Oct,Mato Grosso,2.837,1/1/2012
2013,Oct,Mato Grosso,1.986,1/1/2013
2014,Oct,Mato Grosso,5.281,1/1/2014
2015,Oct,Mato Grosso,6.49,1/1/2015
2016,Oct,Mato Grosso,2.749,1/1/2016
2017,Oct,Mato Grosso,4.8,1/1/2017
1998,Nov,Mato Grosso,182,1/1/1998
1999,Nov,Mato Grosso,842,1/1/1999
2000,Nov,Mato Grosso,502,1/1/2000
2001,Nov,Mato Grosso,373,1/1/2001
2002,Nov,Mato Grosso,2.905,1/1/2002
2003,Nov,Mato Grosso,2.097,1/1/2003
2004,Nov,Mato Grosso,2.405,1/1/2004
2005,Nov,Mato Grosso,1.368,1/1/2005
2006,Nov,Mato Grosso,1.031,1/1/2006
2007,Nov,Mato Grosso,299,1/1/2007
2008,Nov,Mato Grosso,190,1/1/2008
2009,Nov,Mato Grosso,588,1/1/2009
2010,Nov,Mato Grosso,768,1/1/2010
2011,Nov,Mato Grosso,1.103,1/1/2011
2012,Nov,Mato Grosso,375,1/1/2012
2013,Nov,Mato Grosso,1.064,1/1/2013
2014,Nov,Mato Grosso,1.018,1/1/2014
2015,Nov,Mato Grosso,1.93,1/1/2015
2016,Nov,Mato Grosso,918,1/1/2016
2017,Nov,Mato Grosso,813,1/1/2017
1998,Dec,Mato Grosso,76,1/1/1998
1999,Dec,Mato Grosso,47,1/1/1999
2000,Dec,Mato Grosso,98,1/1/2000
2001,Dec,Mato Grosso,37,1/1/2001
2002,Dec,Mato Grosso,1.157,1/1/2002
2003,Dec,Mato Grosso,1.622,1/1/2003
2004,Dec,Mato Grosso,1.217,1/1/2004
2005,Dec,Mato Grosso,246,1/1/2005
2006,Dec,Mato Grosso,23,1/1/2006
2007,Dec,Mato Grosso,81,1/1/2007
2008,Dec,Mato Grosso,159,1/1/2008
2009,Dec,Mato Grosso,171,1/1/2009
2010,Dec,Mato Grosso,846,1/1/2010
2011,Dec,Mato Grosso,431,1/1/2011
2012,Dec,Mato Grosso,492,1/1/2012
2013,Dec,Mato Grosso,447,1/1/2013
2014,Dec,Mato Grosso,466,1/1/2014
2015,Dec,Mato Grosso,1.777,1/1/2015
2016,Dec,Mato Grosso,425,1/1/2016
1998,Jan,Mato Grosso,0,1/1/1998
1999,Jan,Mato Grosso,239,1/1/1999
2000,Jan,Mato Grosso,326,1/1/2000
2001,Jan,Mato Grosso,97,1/1/2001
2002,Jan,Mato Grosso,304,1/1/2002
2003,Jan,Mato Grosso,182,1/1/2003
2004,Jan,Mato Grosso,258,1/1/2004
2005,Jan,Mato Grosso,59,1/1/2005
2006,Jan,Mato Grosso,59,1/1/2006
2007,Jan,Mato Grosso,19,1/1/2007
2008,Jan,Mato Grosso,63,1/1/2008
2009,Jan,Mato Grosso,229,1/1/2009
2010,Jan,Mato Grosso,72,1/1/2010
2011,Jan,Mato Grosso,129,1/1/2011
2012,Jan,Mato Grosso,201,1/1/2012
2013,Jan,Mato Grosso,174,1/1/2013
2014,Jan,Mato Grosso,197,1/1/2014
2015,Jan,Mato Grosso,226,1/1/2015
2016,Jan,Mato Grosso,127,1/1/2016
2017,Jan,Mato Grosso,355,1/1/2017
1998,Feb,Mato Grosso,0,1/1/1998
1999,Feb,Mato Grosso,69,1/1/1999
2000,Feb,Mato Grosso,81,1/1/2000
2001,Feb,Mato Grosso,89,1/1/2001
2002,Feb,Mato Grosso,98,1/1/2002
2003,Feb,Mato Grosso,108,1/1/2003
2004,Feb,Mato Grosso,169,1/1/2004
2005,Feb,Mato Grosso,221,1/1/2005
2006,Feb,Mato Grosso,,1/1/2006
2007,Feb,Mato Grosso,111,1/1/2007
2008,Feb,Mato Grosso,78,1/1/2008
2009,Feb,Mato Grosso,164,1/1/2009
2010,Feb,Mato Grosso,157,1/1/2010
2011,Feb,Mato Grosso,61,1/1/2011
2012,Feb,Mato Grosso,112,1/1/2012
2013,Feb,Mato Grosso,100,1/1/2013
2014,Feb,Mato Grosso,139,1/1/2014
2015,Feb,Mato Grosso,148,1/1/2015
2016,Feb,Mato Grosso,187,1/1/2016
2017,Feb,Mato Grosso,165,1/1/2017
1998,Mar,Mato Grosso,0,1/1/1998
1999,Mar,Mato Grosso,,1/1/1999
2000,Mar,Mato Grosso,23,1/1/2000
2001,Mar,Mato Grosso,39,1/1/2001
2002,Mar,Mato Grosso,115,1/1/2002
2003,Mar,Mato Grosso,137,1/1/2003
2004,Mar,Mato Grosso,225,1/1/2004
2005,Mar,Mato Grosso,158,1/1/2005
2006,Mar,Mato Grosso,137,1/1/2006
2007,Mar,Mato Grosso,137,1/1/2007
2008,Mar,Mato Grosso,97,1/1/2008
2009,Mar,Mato Grosso,118,1/1/2009
2010,Mar,Mato Grosso,149,1/1/2010
2011,Mar,Mato Grosso,37,1/1/2011
2012,Mar,Mato Grosso,169,1/1/2012
2013,Mar,Mato Grosso,158,1/1/2013
2014,Mar,Mato Grosso,95,1/1/2014
2015,Mar,Mato Grosso,190,1/1/2015
2016,Mar,Mato Grosso,143,1/1/2016
2017,Mar,Mato Grosso,170,1/1/2017
1998,Apr,Mato Grosso,0,1/1/1998
1999,Apr,Mato Grosso,97,1/1/1999
2000,Apr,Mato Grosso,90,1/1/2000
2001,Apr,Mato Grosso,108,1/1/2001
2002,Apr,Mato Grosso,230,1/1/2002
2003,Apr,Mato Grosso,126,1/1/2003
2004,Apr,Mato Grosso,97,1/1/2004
2005,Apr,Mato Grosso,126,1/1/2005
2006,Apr,Mato Grosso,51,1/1/2006
2007,Apr,Mato Grosso,46,1/1/2007
2008,Apr,Mato Grosso,72,1/1/2008
2009,Apr,Mato Grosso,291,1/1/2009
2010,Apr,Mato Grosso,136,1/1/2010
2011,Apr,Mato Grosso,23,1/1/2011
2012,Apr,Mato Grosso,97,1/1/2012
2013,Apr,Mato Grosso,78,1/1/2013
2014,Apr,Mato Grosso,129,1/1/2014
2015,Apr,Mato Grosso,65,1/1/2015
2016,Apr,Mato Grosso,161,1/1/2016
2017,Apr,Mato Grosso,59,1/1/2017
1998,May,Mato Grosso,0,1/1/1998
1999,May,Mato Grosso,206,1/1/1999
2000,May,Mato Grosso,127,1/1/2000
2001,May,Mato Grosso,112,1/1/2001
2002,May,Mato Grosso,88,1/1/2002
2003,May,Mato Grosso,74,1/1/2003
2004,May,Mato Grosso,25,1/1/2004
2005,May,Mato Grosso,328,1/1/2005
2006,May,Mato Grosso,99,1/1/2006
2007,May,Mato Grosso,62,1/1/2007
2008,May,Mato Grosso,34,1/1/2008
2009,May,Mato Grosso,927,1/1/2009
2010,May,Mato Grosso,105,1/1/2010
2011,May,Mato Grosso,81,1/1/2011
2012,May,Mato Grosso,157,1/1/2012
2013,May,Mato Grosso,72,1/1/2013
2014,May,Mato Grosso,70,1/1/2014
2015,May,Mato Grosso,58,1/1/2015
2016,May,Mato Grosso,97,1/1/2016
2017,May,Mato Grosso,72,1/1/2017
1998,Jun,Mato Grosso,82,1/1/1998
1999,Jun,Mato Grosso,127,1/1/1999
2000,Jun,Mato Grosso,157,1/1/2000
2001,Jun,Mato Grosso,249,1/1/2001
2002,Jun,Mato Grosso,517,1/1/2002
2003,Jun,Mato Grosso,170,1/1/2003
2004,Jun,Mato Grosso,394,1/1/2004
2005,Jun,Mato Grosso,439,1/1/2005
2006,Jun,Mato Grosso,89,1/1/2006
2007,Jun,Mato Grosso,141,1/1/2007
2008,Jun,Mato Grosso,24,1/1/2008
2009,Jun,Mato Grosso,376,1/1/2009
2010,Jun,Mato Grosso,149,1/1/2010
2011,Jun,Mato Grosso,104,1/1/2011
2012,Jun,Mato Grosso,96,1/1/2012
2013,Jun,Mato Grosso,35,1/1/2013
2014,Jun,Mato Grosso,84,1/1/2014
2015,Jun,Mato Grosso,299,1/1/2015
2016,Jun,Mato Grosso,120,1/1/2016
2017,Jun,Mato Grosso,175,1/1/2017
1998,Jul,Mato Grosso,360,1/1/1998
1999,Jul,Mato Grosso,1.297,1/1/1999
2000,Jul,Mato Grosso,160,1/1/2000
2001,Jul,Mato Grosso,591,1/1/2001
2002,Jul,Mato Grosso,935,1/1/2002
2003,Jul,Mato Grosso,182,1/1/2003
2004,Jul,Mato Grosso,529,1/1/2004
2005,Jul,Mato Grosso,859,1/1/2005
2006,Jul,Mato Grosso,289,1/1/2006
2007,Jul,Mato Grosso,197,1/1/2007
2008,Jul,Mato Grosso,116,1/1/2008
2009,Jul,Mato Grosso,354,1/1/2009
2010,Jul,Mato Grosso,589,1/1/2010
2011,Jul,Mato Grosso,250,1/1/2011
2012,Jul,Mato Grosso,538,1/1/2012
2013,Jul,Mato Grosso,201,1/1/2013
2014,Jul,Mato Grosso,193,1/1/2014
2015,Jul,Mato Grosso,371,1/1/2015
2016,Jul,Mato Grosso,687,1/1/2016
2017,Jul,Mato Grosso,1.05,1/1/2017
1998,Aug,Mato Grosso,228,1/1/1998
1999,Aug,Mato Grosso,4.355,1/1/1999
2000,Aug,Mato Grosso,530,1/1/2000
2001,Aug,Mato Grosso,2.484,1/1/2001
2002,Aug,Mato Grosso,3.984,1/1/2002
2003,Aug,Mato Grosso,953,1/1/2003
2004,Aug,Mato Grosso,1.408,1/1/2004
2005,Aug,Mato Grosso,4.484,1/1/2005
2006,Aug,Mato Grosso,1.129,1/1/2006
2007,Aug,Mato Grosso,1.823,1/1/2007
2008,Aug,Mato Grosso,456,1/1/2008
2009,Aug,Mato Grosso,816,1/1/2009
2010,Aug,Mato Grosso,1.721,1/1/2010
2011,Aug,Mato Grosso,552,1/1/2011
2012,Aug,Mato Grosso,2.951,1/1/2012
2013,Aug,Mato Grosso,677,1/1/2013
2014,Aug,Mato Grosso,,1/1/2014
2015,Aug,Mato Grosso,1.293,1/1/2015
2016,Aug,Mato Grosso,1.481,1/1/2016
2017,Aug,Mato Grosso,1.488,1/1/2017
1998,Sep,Mato Grosso,457,1/1/1998
1999,Sep,Mato Grosso,2.969,1/1/1999
2000,Sep,Mato Grosso,510,1/1/2000
2001,Sep,Mato Grosso,1.383,1/1/2001
2002,Sep,Mato Grosso,2.252,1/1/2002
2003,Sep,Mato Grosso,1.124,1/1/2003
2004,Sep,Mato Grosso,2.511,1/1/2004
2005,Sep,Mato Grosso,1.87,1/1/2005
2006,Sep,Mato Grosso,1.078,1/1/2006
2007,Sep,Mato Grosso,4.446,1/1/2007
2008,Sep,Mato Grosso,1.62,1/1/2008
2009,Sep,Mato Grosso,1.146,1/1/2009
2010,Sep,Mato Grosso,1.505,1/1/2010
2011,Sep,Mato Grosso,1.072,1/1/2011
2012,Sep,Mato Grosso,2.264,1/1/2012
2013,Sep,Mato Grosso,1.074,1/1/2013
2014,Sep,Mato Grosso,365,1/1/2014
2015,Sep,Mato Grosso,1.482,1/1/2015
2016,Sep,Mato Grosso,2.383,1/1/2016
2017,Sep,Mato Grosso,2.984,1/1/2017
1998,Oct,Mato Grosso,576,1/1/1998
1999,Oct,Mato Grosso,,1/1/1999
2000,Oct,Mato Grosso,657,1/1/2000
2001,Oct,Mato Grosso,563,1/1/2001
2002,Oct,Mato Grosso,2.173,1/1/2002
2003,Oct,Mato Grosso,541,1/1/2003
2004,Oct,Mato Grosso,960,1/1/2004
2005,Oct,Mato Grosso,647,1/1/2005
2006,Oct,Mato Grosso,244,1/1/2006
2007,Oct,Mato Grosso,668,1/1/2007
2008,Oct,Mato Grosso,432,1/1/2008
2009,Oct,Mato Grosso,854,1/1/2009
2010,Oct,Mato Grosso,597,1/1/2010
2011,Oct,Mato Grosso,276,1/1/2011
2012,Oct,Mato Grosso,652,1/1/2012
2013,Oct,Mato Grosso,378,1/1/2013
2014,Oct,Mato Grosso,581,1/1/2014
2015,Oct,Mato Grosso,507,1/1/2015
2016,Oct,Mato Grosso,1.2,1/1/2016
2017,Oct,Mato Grosso,685,1/1/2017
1998,Nov,Mato Grosso,306,1/1/1998
1999,Nov,Mato Grosso,1.194,1/1/1999
2000,Nov,Mato Grosso,274,1/1/2000
2001,Nov,Mato Grosso,220,1/1/2001
2002,Nov,Mato Grosso,1.47,1/1/2002
2003,Nov,Mato Grosso,380,1/1/2003
2004,Nov,Mato Grosso,208,1/1/2004
2005,Nov,Mato Grosso,159,1/1/2005
2006,Nov,Mato Grosso,83,1/1/2006
2007,Nov,Mato Grosso,82,1/1/2007
2008,Nov,Mato Grosso,50,1/1/2008
2009,Nov,Mato Grosso,439,1/1/2009
2010,Nov,Mato Grosso,259,1/1/2010
2011,Nov,Mato Grosso,445,1/1/2011
2012,Nov,Mato Grosso,115,1/1/2012
2013,Nov,Mato Grosso,423,1/1/2013
2014,Nov,Mato Grosso,190,1/1/2014
2015,Nov,Mato Grosso,276,1/1/2015
2016,Nov,Mato Grosso,258,1/1/2016
2017,Nov,Mato Grosso,133,1/1/2017
1998,Dec,Mato Grosso,100,1/1/1998
1999,Dec,Mato Grosso,306,1/1/1999
2000,Dec,Mato Grosso,139,1/1/2000
2001,Dec,Mato Grosso,143,1/1/2001
2002,Dec,Mato Grosso,376,1/1/2002
2003,Dec,Mato Grosso,153,1/1/2003
2004,Dec,Mato Grosso,110,1/1/2004
2005,Dec,Mato Grosso,46,1/1/2005
2006,Dec,Mato Grosso,18,1/1/2006
2007,Dec,Mato Grosso,15,1/1/2007
2008,Dec,Mato Grosso,208,1/1/2008
2009,Dec,Mato Grosso,87,1/1/2009
2010,Dec,Mato Grosso,276,1/1/2010
2011,Dec,Mato Grosso,577,1/1/2011
2012,Dec,Mato Grosso,194,1/1/2012
2013,Dec,Mato Grosso,195,1/1/2013
2014,Dec,Mato Grosso,84,1/1/2014
2015,Dec,Mato Grosso,394,1/1/2015
2016,Dec,Mato Grosso,123,1/1/2016
1998,Jan,Minas Gerais,0,1/1/1998
1999,Jan,Minas Gerais,36,1/1/1999
2000,Jan,Minas Gerais,24,1/1/2000
2001,Jan,Minas Gerais,18,1/1/2001
2002,Jan,Minas Gerais,29,1/1/2002
2003,Jan,Minas Gerais,,1/1/2003
2004,Jan,Minas Gerais,22,1/1/2004
2005,Jan,Minas Gerais,28,1/1/2005
2006,Jan,Minas Gerais,109,1/1/2006
2007,Jan,Minas Gerais,91,1/1/2007
2008,Jan,Minas Gerais,85,1/1/2008
2009,Jan,Minas Gerais,74,1/1/2009
2010,Jan,Minas Gerais,118,1/1/2010
2011,Jan,Minas Gerais,61,1/1/2011
2012,Jan,Minas Gerais,75,1/1/2012
2013,Jan,Minas Gerais,75,1/1/2013
2014,Jan,Minas Gerais,133,1/1/2014
2015,Jan,Minas Gerais,147,1/1/2015
2016,Jan,Minas Gerais,61,1/1/2016
2017,Jan,Minas Gerais,,1/1/2017
1998,Feb,Minas Gerais,0,1/1/1998
1999,Feb,Minas Gerais,112,1/1/1999
2000,Feb,Minas Gerais,20,1/1/2000
2001,Feb,Minas Gerais,39,1/1/2001
2002,Feb,Minas Gerais,62,1/1/2002
2003,Feb,Minas Gerais,126,1/1/2003
2004,Feb,Minas Gerais,29,1/1/2004
2005,Feb,Minas Gerais,79,1/1/2005
2006,Feb,Minas Gerais,96,1/1/2006
2007,Feb,Minas Gerais,71,1/1/2007
2008,Feb,Minas Gerais,59,1/1/2008
2009,Feb,Minas Gerais,74,1/1/2009
2010,Feb,Minas Gerais,155,1/1/2010
2011,Feb,Minas Gerais,111,1/1/2011
2012,Feb,Minas Gerais,123,1/1/2012
2013,Feb,Minas Gerais,143,1/1/2013
2014,Feb,Minas Gerais,157,1/1/2014
2015,Feb,Minas Gerais,84,1/1/2015
2016,Feb,Minas Gerais,207,1/1/2016
2017,Feb,Minas Gerais,61,1/1/2017
1998,Mar,Minas Gerais,0,1/1/1998
1999,Mar,Minas Gerais,13,1/1/1999
2000,Mar,Minas Gerais,24,1/1/2000
2001,Mar,Minas Gerais,13,1/1/2001
2002,Mar,Minas Gerais,62,1/1/2002
2003,Mar,Minas Gerais,81,1/1/2003
2004,Mar,Minas Gerais,81,1/1/2004
2005,Mar,Minas Gerais,107,1/1/2005
2006,Mar,Minas Gerais,69,1/1/2006
2007,Mar,Minas Gerais,155,1/1/2007
2008,Mar,Minas Gerais,61,1/1/2008
2009,Mar,Minas Gerais,106,1/1/2009
2010,Mar,Minas Gerais,109,1/1/2010
2011,Mar,Minas Gerais,67,1/1/2011
2012,Mar,Minas Gerais,152,1/1/2012
2013,Mar,Minas Gerais,110,1/1/2013
2014,Mar,Minas Gerais,77,1/1/2014
2015,Mar,Minas Gerais,80,1/1/2015
2016,Mar,Minas Gerais,123,1/1/2016
2017,Mar,Minas Gerais,105,1/1/2017
1998,Apr,Minas Gerais,0,1/1/1998
1999,Apr,Minas Gerais,27,1/1/1999
2000,Apr,Minas Gerais,49,1/1/2000
2001,Apr,Minas Gerais,60,1/1/2001
2002,Apr,Minas Gerais,99,1/1/2002
2003,Apr,Minas Gerais,215,1/1/2003
2004,Apr,Minas Gerais,48,1/1/2004
2005,Apr,Minas Gerais,89,1/1/2005
2006,Apr,Minas Gerais,50,1/1/2006
2007,Apr,Minas Gerais,35,1/1/2007
2008,Apr,Minas Gerais,113,1/1/2008
2009,Apr,Minas Gerais,26,1/1/2009
2010,Apr,Minas Gerais,112,1/1/2010
2011,Apr,Minas Gerais,66,1/1/2011
2012,Apr,Minas Gerais,180,1/1/2012
2013,Apr,Minas Gerais,61,1/1/2013
2014,Apr,Minas Gerais,161,1/1/2014
2015,Apr,Minas Gerais,109,1/1/2015
2016,Apr,Minas Gerais,172,1/1/2016
2017,Apr,Minas Gerais,69,1/1/2017
1998,May,Minas Gerais,0,1/1/1998
1999,May,Minas Gerais,51,1/1/1999
2000,May,Minas Gerais,67,1/1/2000
2001,May,Minas Gerais,83,1/1/2001
2002,May,Minas Gerais,98,1/1/2002
2003,May,Minas Gerais,75,1/1/2003
2004,May,Minas Gerais,79,1/1/2004
2005,May,Minas Gerais,134,1/1/2005
2006,May,Minas Gerais,62,1/1/2006
2007,May,Minas Gerais,124,1/1/2007
2008,May,Minas Gerais,50,1/1/2008
2009,May,Minas Gerais,128,1/1/2009
2010,May,Minas Gerais,179,1/1/2010
2011,May,Minas Gerais,151,1/1/2011
2012,May,Minas Gerais,144,1/1/2012
2013,May,Minas Gerais,150,1/1/2013
2014,May,Minas Gerais,224,1/1/2014
2015,May,Minas Gerais,114,1/1/2015
2016,May,Minas Gerais,186,1/1/2016
2017,May,Minas Gerais,,1/1/2017
1998,Jun,Minas Gerais,70,1/1/1998
1999,Jun,Minas Gerais,132,1/1/1999
2000,Jun,Minas Gerais,135,1/1/2000
2001,Jun,Minas Gerais,166,1/1/2001
2002,Jun,Minas Gerais,207,1/1/2002
2003,Jun,Minas Gerais,245,1/1/2003
2004,Jun,Minas Gerais,209,1/1/2004
2005,Jun,Minas Gerais,246,1/1/2005
2006,Jun,Minas Gerais,73,1/1/2006
2007,Jun,Minas Gerais,184,1/1/2007
2008,Jun,Minas Gerais,48,1/1/2008
2009,Jun,Minas Gerais,173,1/1/2009
2010,Jun,Minas Gerais,139,1/1/2010
2011,Jun,Minas Gerais,304,1/1/2011
2012,Jun,Minas Gerais,219,1/1/2012
2013,Jun,Minas Gerais,144,1/1/2013
2014,Jun,Minas Gerais,376,1/1/2014
2015,Jun,Minas Gerais,200,1/1/2015
2016,Jun,Minas Gerais,263,1/1/2016
2017,Jun,Minas Gerais,360,1/1/2017
1998,Jul,Minas Gerais,232,1/1/1998
1999,Jul,Minas Gerais,318,1/1/1999
2000,Jul,Minas Gerais,345,1/1/2000
2001,Jul,Minas Gerais,266,1/1/2001
2002,Jul,Minas Gerais,741,1/1/2002
2003,Jul,Minas Gerais,407,1/1/2003
2004,Jul,Minas Gerais,625,1/1/2004
2005,Jul,Minas Gerais,467,1/1/2005
2006,Jul,Minas Gerais,336,1/1/2006
2007,Jul,Minas Gerais,446,1/1/2007
2008,Jul,Minas Gerais,,1/1/2008
2009,Jul,Minas Gerais,477,1/1/2009
2010,Jul,Minas Gerais,707,1/1/2010
2011,Jul,Minas Gerais,801,1/1/2011
2012,Jul,Minas Gerais,669,1/1/2012
2013,Jul,Minas Gerais,462,1/1/2013
2014,Jul,Minas Gerais,559,1/1/2014
2015,Jul,Minas Gerais,288,1/1/2015
2016,Jul,Minas Gerais,1.004,1/1/2016
2017,Jul,Minas Gerais,610,1/1/2017
1998,Aug,Minas Gerais,875,1/1/1998
1999,Aug,Minas Gerais,,1/1/1999
2000,Aug,Minas Gerais,769,1/1/2000
2001,Aug,Minas Gerais,858,1/1/2001
2002,Aug,Minas Gerais,2.041,1/1/2002
2003,Aug,Minas Gerais,1.955,1/1/2003
2004,Aug,Minas Gerais,1.642,1/1/2004
2005,Aug,Minas Gerais,1.029,1/1/2005
2006,Aug,Minas Gerais,959,1/1/2006
2007,Aug,Minas Gerais,2.975,1/1/2007
2008,Aug,Minas Gerais,605,1/1/2008
2009,Aug,Minas Gerais,685,1/1/2009
2010,Aug,Minas Gerais,3.353,1/1/2010
2011,Aug,Minas Gerais,2.742,1/1/2011
2012,Aug,Minas Gerais,901,1/1/2012
2013,Aug,Minas Gerais,911,1/1/2013
2014,Aug,Minas Gerais,1.952,1/1/2014
2015,Aug,Minas Gerais,1.059,1/1/2015
2016,Aug,Minas Gerais,1.433,1/1/2016
2017,Aug,Minas Gerais,2.142,1/1/2017
1998,Sep,Minas Gerais,1.981,1/1/1998
1999,Sep,Minas Gerais,,1/1/1999
2000,Sep,Minas Gerais,1.08,1/1/2000
2001,Sep,Minas Gerais,1.597,1/1/2001
2002,Sep,Minas Gerais,3.1,1/1/2002
2003,Sep,Minas Gerais,7.091,1/1/2003
2004,Sep,Minas Gerais,4.339,1/1/2004
2005,Sep,Minas Gerais,,1/1/2005
2006,Sep,Minas Gerais,2.78,1/1/2006
2007,Sep,Minas Gerais,5.088,1/1/2007
2008,Sep,Minas Gerais,2.552,1/1/2008
2009,Sep,Minas Gerais,1.31,1/1/2009
2010,Sep,Minas Gerais,,1/1/2010
2011,Sep,Minas Gerais,5.978,1/1/2011
2012,Sep,Minas Gerais,3.219,1/1/2012
2013,Sep,Minas Gerais,1.656,1/1/2013
2014,Sep,Minas Gerais,3.454,1/1/2014
2015,Sep,Minas Gerais,3.088,1/1/2015
2016,Sep,Minas Gerais,2.093,1/1/2016
2017,Sep,Minas Gerais,4.697,1/1/2017
1998,Oct,Minas Gerais,1.093,1/1/1998
1999,Oct,Minas Gerais,1.363,1/1/1999
2000,Oct,Minas Gerais,1.954,1/1/2000
2001,Oct,Minas Gerais,528,1/1/2001
2002,Oct,Minas Gerais,4.788,1/1/2002
2003,Oct,Minas Gerais,5.391,1/1/2003
2004,Oct,Minas Gerais,2.736,1/1/2004
2005,Oct,Minas Gerais,6.546,1/1/2005
2006,Oct,Minas Gerais,616,1/1/2006
2007,Oct,Minas Gerais,3.467,1/1/2007
2008,Oct,Minas Gerais,3.787,1/1/2008
2009,Oct,Minas Gerais,1.013,1/1/2009
2010,Oct,Minas Gerais,2.048,1/1/2010
2011,Oct,Minas Gerais,1.206,1/1/2011
2012,Oct,Minas Gerais,3.97,1/1/2012
2013,Oct,Minas Gerais,1.221,1/1/2013
2014,Oct,Minas Gerais,4.735,1/1/2014
2015,Oct,Minas Gerais,3.708,1/1/2015
2016,Oct,Minas Gerais,948,1/1/2016
2017,Oct,Minas Gerais,3.062,1/1/2017
1998,Nov,Minas Gerais,32,1/1/1998
1999,Nov,Minas Gerais,271,1/1/1999
2000,Nov,Minas Gerais,43,1/1/2000
2001,Nov,Minas Gerais,62,1/1/2001
2002,Nov,Minas Gerais,417,1/1/2002
2003,Nov,Minas Gerais,399,1/1/2003
2004,Nov,Minas Gerais,914,1/1/2004
2005,Nov,Minas Gerais,422,1/1/2005
2006,Nov,Minas Gerais,59,1/1/2006
2007,Nov,Minas Gerais,1.305,1/1/2007
2008,Nov,Minas Gerais,892,1/1/2008
2009,Nov,Minas Gerais,246,1/1/2009
2010,Nov,Minas Gerais,82,1/1/2010
2011,Nov,Minas Gerais,153,1/1/2011
2012,Nov,Minas Gerais,220,1/1/2012
2013,Nov,Minas Gerais,277,1/1/2013
2014,Nov,Minas Gerais,398,1/1/2014
2015,Nov,Minas Gerais,1.453,1/1/2015
2016,Nov,Minas Gerais,126,1/1/2016
2017,Nov,Minas Gerais,136,1/1/2017
1998,Dec,Minas Gerais,21,1/1/1998
1999,Dec,Minas Gerais,32,1/1/1999
2000,Dec,Minas Gerais,14,1/1/2000
2001,Dec,Minas Gerais,44,1/1/2001
2002,Dec,Minas Gerais,225,1/1/2002
2003,Dec,Minas Gerais,225,1/1/2003
2004,Dec,Minas Gerais,125,1/1/2004
2005,Dec,Minas Gerais,65,1/1/2005
2006,Dec,Minas Gerais,32,1/1/2006
2007,Dec,Minas Gerais,95,1/1/2007
2008,Dec,Minas Gerais,25,1/1/2008
2009,Dec,Minas Gerais,108,1/1/2009
2010,Dec,Minas Gerais,105,1/1/2010
2011,Dec,Minas Gerais,43,1/1/2011
2012,Dec,Minas Gerais,189,1/1/2012
2013,Dec,Minas Gerais,98,1/1/2013
2014,Dec,Minas Gerais,155,1/1/2014
2015,Dec,Minas Gerais,295,1/1/2015
2016,Dec,Minas Gerais,91,1/1/2016
1998,Jan,pará,0,1/1/1998
1999,Jan,pará,87,1/1/1999
2000,Jan,pará,30,1/1/2000
2001,Jan,pará,34,1/1/2001
2002,Jan,pará,144,1/1/2002
2003,Jan,pará,,1/1/2003
2004,Jan,pará,579,1/1/2004
2005,Jan,pará,1.768,1/1/2005
2006,Jan,pará,403,1/1/2006
2007,Jan,pará,467,1/1/2007
2008,Jan,pará,131,1/1/2008
2009,Jan,pará,241,1/1/2009
2010,Jan,pará,437,1/1/2010
2011,Jan,pará,108,1/1/2011
2012,Jan,pará,392,1/1/2012
2013,Jan,pará,167,1/1/2013
2014,Jan,pará,251,1/1/2014
2015,Jan,pará,725,1/1/2015
2016,Jan,pará,1.322,1/1/2016
2017,Jan,pará,219,1/1/2017
1998,Feb,pará,0,1/1/1998
1999,Feb,pará,285,1/1/1999
2000,Feb,pará,29,1/1/2000
2001,Feb,pará,16,1/1/2001
2002,Feb,pará,120,1/1/2002
2003,Feb,pará,34,1/1/2003
2004,Feb,pará,20,1/1/2004
2005,Feb,pará,85,1/1/2005
2006,Feb,pará,49,1/1/2006
2007,Feb,pará,23,1/1/2007
2008,Feb,pará,54,1/1/2008
2009,Feb,pará,15,1/1/2009
2010,Feb,pará,102,1/1/2010
2011,Feb,pará,13,1/1/2011
2012,Feb,pará,63,1/1/2012
2013,Feb,pará,30,1/1/2013
2014,Feb,pará,37,1/1/2014
2015,Feb,pará,108,1/1/2015
2016,Feb,pará,430,1/1/2016
2017,Feb,pará,14,1/1/2017
1998,Mar,pará,0,1/1/1998
1999,Mar,pará,7,1/1/1999
2000,Mar,pará,181,1/1/2000
2001,Mar,pará,0,1/1/2001
2002,Mar,pará,14,1/1/2002
2003,Mar,pará,27,1/1/2003
2004,Mar,pará,22,1/1/2004
2005,Mar,pará,21,1/1/2005
2006,Mar,pará,10,1/1/2006
2007,Mar,pará,6,1/1/2007
2008,Mar,pará,4,1/1/2008
2009,Mar,pará,4,1/1/2009
2010,Mar,pará,110,1/1/2010
2011,Mar,pará,,1/1/2011
2012,Mar,pará,30,1/1/2012
2013,Mar,pará,19,1/1/2013
2014,Mar,pará,34,1/1/2014
2015,Mar,pará,61,1/1/2015
2016,Mar,pará,81,1/1/2016
2017,Mar,pará,42,1/1/2017
1998,Apr,pará,0,1/1/1998
1999,Apr,pará,6,1/1/1999
2000,Apr,pará,40,1/1/2000
2001,Apr,pará,0,1/1/2001
2002,Apr,pará,11,1/1/2002
2003,Apr,pará,14,1/1/2003
2004,Apr,pará,23,1/1/2004
2005,Apr,pará,14,1/1/2005
2006,Apr,pará,2,1/1/2006
2007,Apr,pará,0,1/1/2007
2008,Apr,pará,7,1/1/2008
2009,Apr,pará,8,1/1/2009
2010,Apr,pará,22,1/1/2010
2011,Apr,pará,10,1/1/2011
2012,Apr,pará,11,1/1/2012
2013,Apr,pará,20,1/1/2013
2014,Apr,pará,27,1/1/2014
2015,Apr,pará,27,1/1/2015
2016,Apr,pará,66,1/1/2016
2017,Apr,pará,45,1/1/2017
1998,May,pará,0,1/1/1998
1999,May,pará,4,1/1/1999
2000,May,pará,12,1/1/2000
2001,May,pará,7,1/1/2001
2002,May,pará,18,1/1/2002
2003,May,pará,3,1/1/2003
2004,May,pará,44,1/1/2004
2005,May,pará,37,1/1/2005
2006,May,pará,0,1/1/2006
2007,May,pará,,1/1/2007
2008,May,pará,0,1/1/2008
2009,May,pará,7,1/1/2009
2010,May,pará,57,1/1/2010
2011,May,pará,16,1/1/2011
2012,May,pará,59,1/1/2012
2013,May,pará,42,1/1/2013
2014,May,pará,70,1/1/2014
2015,May,pará,95,1/1/2015
2016,May,pará,154,1/1/2016
2017,May,pará,114,1/1/2017
1998,Jun,pará,58,1/1/1998
1999,Jun,pará,37,1/1/1999
2000,Jun,pará,59,1/1/2000
2001,Jun,pará,42,1/1/2001
2002,Jun,pará,149,1/1/2002
2003,Jun,pará,64,1/1/2003
2004,Jun,pará,340,1/1/2004
2005,Jun,pará,304,1/1/2005
2006,Jun,pará,78,1/1/2006
2007,Jun,pará,129,1/1/2007
2008,Jun,pará,48,1/1/2008
2009,Jun,pará,38,1/1/2009
2010,Jun,pará,94,1/1/2010
2011,Jun,pará,105,1/1/2011
2012,Jun,pará,183,1/1/2012
2013,Jun,pará,173,1/1/2013
2014,Jun,pará,319,1/1/2014
2015,Jun,pará,265,1/1/2015
2016,Jun,pará,502,1/1/2016
2017,Jun,pará,679,1/1/2017
1998,Jul,pará,638,1/1/1998
1999,Jul,pará,,1/1/1999
2000,Jul,pará,426,1/1/2000
2001,Jul,pará,708,1/1/2001
2002,Jul,pará,772,1/1/2002
2003,Jul,pará,1.571,1/1/2003
2004,Jul,pará,4.436,1/1/2004
2005,Jul,pará,4.364,1/1/2005
2006,Jul,pará,615,1/1/2006
2007,Jul,pará,,1/1/2007
2008,Jul,pará,971,1/1/2008
2009,Jul,pará,397,1/1/2009
2010,Jul,pará,1.432,1/1/2010
2011,Jul,pará,632,1/1/2011
2012,Jul,pará,661,1/1/2012
2013,Jul,pará,447,1/1/2013
2014,Jul,pará,825,1/1/2014
2015,Jul,pará,906,1/1/2015
2016,Jul,pará,1.579,1/1/2016
2017,Jul,pará,4.985,1/1/2017
1998,Aug,pará,6.815,1/1/1998
1999,Aug,pará,6.178,1/1/1999
2000,Aug,pará,5.484,1/1/2000
2001,Aug,pará,9.043,1/1/2001
2002,Aug,pará,15.664,1/1/2002
2003,Aug,pará,6.255,1/1/2003
2004,Aug,pará,12.812,1/1/2004
2005,Aug,pará,13.055,1/1/2005
2006,Aug,pará,7.575,1/1/2006
2007,Aug,pará,14.352,1/1/2007
2008,Aug,pará,4.435,1/1/2008
2009,Aug,pará,3.859,1/1/2009
2010,Aug,pará,18.13,1/1/2010
2011,Aug,pará,2.195,1/1/2011
2012,Aug,pará,6.964,1/1/2012
2013,Aug,pará,2.161,1/1/2013
2014,Aug,pará,8.555,1/1/2014
2015,Aug,pará,7.913,1/1/2015
2016,Aug,pará,4.863,1/1/2016
2017,Aug,pará,11.962,1/1/2017
1998,Sep,pará,6.237,1/1/1998
1999,Sep,pará,4.419,1/1/1999
2000,Sep,pará,2.569,1/1/2000
2001,Sep,pará,6.139,1/1/2001
2002,Sep,pará,5.609,1/1/2002
2003,Sep,pará,8.447,1/1/2003
2004,Sep,pará,9.471,1/1/2004
2005,Sep,pará,9.032,1/1/2005
2006,Sep,pará,8.372,1/1/2006
2007,Sep,pará,14.59,1/1/2007
2008,Sep,pará,6.294,1/1/2008
2009,Sep,pará,6.051,1/1/2009
2010,Sep,pará,10.81,1/1/2010
2011,Sep,pará,5.185,1/1/2011
2012,Sep,pará,6.87,1/1/2012
2013,Sep,pará,3.36,1/1/2013
2014,Sep,pará,6.787,1/1/2014
2015,Sep,pará,11.068,1/1/2015
2016,Sep,pará,3.953,1/1/2016
2017,Sep,pará,25.004,1/1/2017
1998,Oct,pará,3.665,1/1/1998
1999,Oct,pará,5.026,1/1/1999
2000,Oct,pará,4.313,1/1/2000
2001,Oct,pará,5.096,1/1/2001
2002,Oct,pará,5.189,1/1/2002
2003,Oct,pará,3.803,1/1/2003
2004,Oct,pará,4.726,1/1/2004
2005,Oct,pará,5.083,1/1/2005
2006,Oct,pará,5.964,1/1/2006
2007,Oct,pará,2.504,1/1/2007
2008,Oct,pará,6.653,1/1/2008
2009,Oct,pará,6.342,1/1/2009
2010,Oct,pará,3.843,1/1/2010
2011,Oct,pará,3.141,1/1/2011
2012,Oct,pará,3.714,1/1/2012
2013,Oct,pará,4.921,1/1/2013
2014,Oct,pará,6.448,1/1/2014
2015,Oct,pará,7.781,1/1/2015
2016,Oct,pará,5.281,1/1/2016
2017,Oct,pará,7.628,1/1/2017
1998,Nov,pará,1.861,1/1/1998
1999,Nov,pará,2.682,1/1/1999
2000,Nov,pará,3.366,1/1/2000
2001,Nov,pará,4.938,1/1/2001
2002,Nov,pará,7.996,1/1/2002
2003,Nov,pará,6.195,1/1/2003
2004,Nov,pará,9.842,1/1/2004
2005,Nov,pará,4.968,1/1/2005
2006,Nov,pará,2.883,1/1/2006
2007,Nov,pará,2.89,1/1/2007
2008,Nov,pará,2.403,1/1/2008
2009,Nov,pará,10.012,1/1/2009
2010,Nov,pará,4.417,1/1/2010
2011,Nov,pará,3.043,1/1/2011
2012,Nov,pará,6.156,1/1/2012
2013,Nov,pará,3.688,1/1/2013
2014,Nov,pará,7.767,1/1/2014
2015,Nov,pará,9.643,1/1/2015
2016,Nov,pará,7.879,1/1/2016
2017,Nov,pará,9.079,1/1/2017
1998,Dec,pará,1.008,1/1/1998
1999,Dec,pará,766,1/1/1999
2000,Dec,pará,1.698,1/1/2000
2001,Dec,pará,2.564,1/1/2001
2002,Dec,pará,3.118,1/1/2002
2003,Dec,pará,4.787,1/1/2003
2004,Dec,pará,5.508,1/1/2004
2005,Dec,pará,1.495,1/1/2005
2006,Dec,pará,1.417,1/1/2006
2007,Dec,pará,689,1/1/2007
2008,Dec,pará,684,1/1/2008
2009,Dec,pará,2.832,1/1/2009
2010,Dec,pará,1.612,1/1/2010
2011,Dec,pará,3.218,1/1/2011
2012,Dec,pará,1.812,1/1/2012
2013,Dec,pará,5.514,1/1/2013
2014,Dec,pará,4.828,1/1/2014
2015,Dec,pará,6.61,1/1/2015
2016,Dec,pará,3.3,1/1/2016
1998,Jan,Paraiba,0,1/1/1998
1999,Jan,Paraiba,26,1/1/1999
2000,Jan,Paraiba,0,1/1/2000
2001,Jan,Paraiba,11,1/1/2001
2002,Jan,Paraiba,5,1/1/2002
2003,Jan,Paraiba,70,1/1/2003
2004,Jan,Paraiba,33,1/1/2004
2005,Jan,Paraiba,178,1/1/2005
2006,Jan,Paraiba,83,1/1/2006
2007,Jan,Paraiba,69,1/1/2007
2008,Jan,Paraiba,77,1/1/2008
2009,Jan,Paraiba,115,1/1/2009
2010,Jan,Paraiba,46,1/1/2010
2011,Jan,Paraiba,11,1/1/2011
2012,Jan,Paraiba,61,1/1/2012
2013,Jan,Paraiba,38,1/1/2013
2014,Jan,Paraiba,75,1/1/2014
2015,Jan,Paraiba,42,1/1/2015
2016,Jan,Paraiba,18,1/1/2016
2017,Jan,Paraiba,23,1/1/2017
1998,Feb,Paraiba,0,1/1/1998
1999,Feb,Paraiba,2,1/1/1999
2000,Feb,Paraiba,11,1/1/2000
2001,Feb,Paraiba,6,1/1/2001
2002,Feb,Paraiba,18,1/1/2002
2003,Feb,Paraiba,3,1/1/2003
2004,Feb,Paraiba,3,1/1/2004
2005,Feb,Paraiba,15,1/1/2005
2006,Feb,Paraiba,7,1/1/2006
2007,Feb,Paraiba,7,1/1/2007
2008,Feb,Paraiba,20,1/1/2008
2009,Feb,Paraiba,9,1/1/2009
2010,Feb,Paraiba,15,1/1/2010
2011,Feb,Paraiba,5,1/1/2011
2012,Feb,Paraiba,15,1/1/2012
2013,Feb,Paraiba,9,1/1/2013
2014,Feb,Paraiba,6,1/1/2014
2015,Feb,Paraiba,15,1/1/2015
2016,Feb,Paraiba,4,1/1/2016
2017,Feb,Paraiba,8,1/1/2017
1998,Mar,Paraiba,0,1/1/1998
1999,Mar,Paraiba,1,1/1/1999
2000,Mar,Paraiba,,1/1/2000
2001,Mar,Paraiba,0,1/1/2001
2002,Mar,Paraiba,3,1/1/2002
2003,Mar,Paraiba,0,1/1/2003
2004,Mar,Paraiba,3,1/1/2004
2005,Mar,Paraiba,13,1/1/2005
2006,Mar,Paraiba,4,1/1/2006
2007,Mar,Paraiba,1,1/1/2007
2008,Mar,Paraiba,8,1/1/2008
2009,Mar,Paraiba,2,1/1/2009
2010,Mar,Paraiba,16,1/1/2010
2011,Mar,Paraiba,6,1/1/2011
2012,Mar,Paraiba,4,1/1/2012
2013,Mar,Paraiba,3,1/1/2013
2014,Mar,Paraiba,18,1/1/2014
2015,Mar,Paraiba,7,1/1/2015
2016,Mar,Paraiba,1,1/1/2016
2017,Mar,Paraiba,2,1/1/2017
1998,Apr,Paraiba,0,1/1/1998
1999,Apr,Paraiba,,1/1/1999
2000,Apr,Paraiba,1,1/1/2000
2001,Apr,Paraiba,0,1/1/2001
2002,Apr,Paraiba,1,1/1/2002
2003,Apr,Paraiba,0,1/1/2003
2004,Apr,Paraiba,3,1/1/2004
2005,Apr,Paraiba,2,1/1/2005
2006,Apr,Paraiba,0,1/1/2006
2007,Apr,Paraiba,0,1/1/2007
2008,Apr,Paraiba,0,1/1/2008
2009,Apr,Paraiba,1,1/1/2009
2010,Apr,Paraiba,2,1/1/2010
2011,Apr,Paraiba,2,1/1/2011
2012,Apr,Paraiba,13,1/1/2012
2013,Apr,Paraiba,6,1/1/2013
2014,Apr,Paraiba,8,1/1/2014
2015,Apr,Paraiba,11,1/1/2015
2016,Apr,Paraiba,1,1/1/2016
2017,Apr,Paraiba,1,1/1/2017
1998,May,Paraiba,0,1/1/1998
1999,May,Paraiba,0,1/1/1999
2000,May,Paraiba,0,1/1/2000
2001,May,Paraiba,4,1/1/2001
2002,May,Paraiba,1,1/1/2002
2003,May,Paraiba,0,1/1/2003
2004,May,Paraiba,1,1/1/2004
2005,May,Paraiba,0,1/1/2005
2006,May,Paraiba,0,1/1/2006
2007,May,Paraiba,0,1/1/2007
2008,May,Paraiba,0,1/1/2008
2009,May,Paraiba,0,1/1/2009
2010,May,Paraiba,10,1/1/2010
2011,May,Paraiba,0,1/1/2011
2012,May,Paraiba,10,1/1/2012
2013,May,Paraiba,3,1/1/2013
2014,May,Paraiba,1,1/1/2014
2015,May,Paraiba,6,1/1/2015
2016,May,Paraiba,1,1/1/2016
2017,May,Paraiba,1,1/1/2017
1998,Jun,Paraiba,3,1/1/1998
1999,Jun,Paraiba,1,1/1/1999
2000,Jun,Paraiba,2,1/1/2000
2001,Jun,Paraiba,0,1/1/2001
2002,Jun,Paraiba,1,1/1/2002
2003,Jun,Paraiba,0,1/1/2003
2004,Jun,Paraiba,0,1/1/2004
2005,Jun,Paraiba,0,1/1/2005
2006,Jun,Paraiba,0,1/1/2006
2007,Jun,Paraiba,0,1/1/2007
2008,Jun,Paraiba,0,1/1/2008
2009,Jun,Paraiba,0,1/1/2009
2010,Jun,Paraiba,3,1/1/2010
2011,Jun,Paraiba,2,1/1/2011
2012,Jun,Paraiba,5,1/1/2012
2013,Jun,Paraiba,3,1/1/2013
2014,Jun,Paraiba,1,1/1/2014
2015,Jun,Paraiba,0,1/1/2015
2016,Jun,Paraiba,4,1/1/2016
2017,Jun,Paraiba,0,1/1/2017
1998,Jul,Paraiba,0,1/1/1998
1999,Jul,Paraiba,1,1/1/1999
2000,Jul,Paraiba,0,1/1/2000
2001,Jul,Paraiba,8,1/1/2001
2002,Jul,Paraiba,8,1/1/2002
2003,Jul,Paraiba,6,1/1/2003
2004,Jul,Paraiba,1,1/1/2004
2005,Jul,Paraiba,,1/1/2005
2006,Jul,Paraiba,1,1/1/2006
2007,Jul,Paraiba,1,1/1/2007
2008,Jul,Paraiba,0,1/1/2008
2009,Jul,Paraiba,3,1/1/2009
2010,Jul,Paraiba,7,1/1/2010
2011,Jul,Paraiba,6,1/1/2011
2012,Jul,Paraiba,5,1/1/2012
2013,Jul,Paraiba,1,1/1/2013
2014,Jul,Paraiba,9,1/1/2014
2015,Jul,Paraiba,3,1/1/2015
2016,Jul,Paraiba,22,1/1/2016
2017,Jul,Paraiba,2,1/1/2017
1998,Aug,Paraiba,3,1/1/1998
1999,Aug,Paraiba,4,1/1/1999
2000,Aug,Paraiba,7,1/1/2000
2001,Aug,Paraiba,34,1/1/2001
2002,Aug,Paraiba,38,1/1/2002
2003,Aug,Paraiba,14,1/1/2003
2004,Aug,Paraiba,18,1/1/2004
2005,Aug,Paraiba,0,1/1/2005
2006,Aug,Paraiba,3,1/1/2006
2007,Aug,Paraiba,8,1/1/2007
2008,Aug,Paraiba,1,1/1/2008
2009,Aug,Paraiba,4,1/1/2009
2010,Aug,Paraiba,9,1/1/2010
2011,Aug,Paraiba,12,1/1/2011
2012,Aug,Paraiba,13,1/1/2012
2013,Aug,Paraiba,3,1/1/2013
2014,Aug,Paraiba,30,1/1/2014
2015,Aug,Paraiba,5,1/1/2015
2016,Aug,Paraiba,50,1/1/2016
2017,Aug,Paraiba,3,1/1/2017
1998,Sep,Paraiba,50,1/1/1998
1999,Sep,Paraiba,14,1/1/1999
2000,Sep,Paraiba,9,1/1/2000
2001,Sep,Paraiba,98,1/1/2001
2002,Sep,Paraiba,63,1/1/2002
2003,Sep,Paraiba,81,1/1/2003
2004,Sep,Paraiba,34,1/1/2004
2005,Sep,Paraiba,13,1/1/2005
2006,Sep,Paraiba,27,1/1/2006
2007,Sep,Paraiba,22,1/1/2007
2008,Sep,Paraiba,21,1/1/2008
2009,Sep,Paraiba,28,1/1/2009
2010,Sep,Paraiba,37,1/1/2010
2011,Sep,Paraiba,55,1/1/2011
2012,Sep,Paraiba,71,1/1/2012
2013,Sep,Paraiba,25,1/1/2013
2014,Sep,Paraiba,51,1/1/2014
2015,Sep,Paraiba,48,1/1/2015
2016,Sep,Paraiba,131,1/1/2016
2017,Sep,Paraiba,30,1/1/2017
1998,Oct,Paraiba,179,1/1/1998
1999,Oct,Paraiba,48,1/1/1999
2000,Oct,Paraiba,125,1/1/2000
2001,Oct,Paraiba,279,1/1/2001
2002,Oct,Paraiba,193,1/1/2002
2003,Oct,Paraiba,381,1/1/2003
2004,Oct,Paraiba,190,1/1/2004
2005,Oct,Paraiba,155,1/1/2005
2006,Oct,Paraiba,,1/1/2006
2007,Oct,Paraiba,111,1/1/2007
2008,Oct,Paraiba,80,1/1/2008
2009,Oct,Paraiba,117,1/1/2009
2010,Oct,Paraiba,150,1/1/2010
2011,Oct,Paraiba,200,1/1/2011
2012,Oct,Paraiba,136,1/1/2012
2013,Oct,Paraiba,58,1/1/2013
2014,Oct,Paraiba,70,1/1/2014
2015,Oct,Paraiba,121,1/1/2015
2016,Oct,Paraiba,304,1/1/2016
2017,Oct,Paraiba,123,1/1/2017
1998,Nov,Paraiba,46,1/1/1998
1999,Nov,Paraiba,38,1/1/1999
2000,Nov,Paraiba,65,1/1/2000
2001,Nov,Paraiba,294,1/1/2001
2002,Nov,Paraiba,238,1/1/2002
2003,Nov,Paraiba,538,1/1/2003
2004,Nov,Paraiba,331,1/1/2004
2005,Nov,Paraiba,280,1/1/2005
2006,Nov,Paraiba,215,1/1/2006
2007,Nov,Paraiba,256,1/1/2007
2008,Nov,Paraiba,175,1/1/2008
2009,Nov,Paraiba,428,1/1/2009
2010,Nov,Paraiba,451,1/1/2010
2011,Nov,Paraiba,359,1/1/2011
2012,Nov,Paraiba,130,1/1/2012
2013,Nov,Paraiba,95,1/1/2013
2014,Nov,Paraiba,111,1/1/2014
2015,Nov,Paraiba,206,1/1/2015
2016,Nov,Paraiba,132,1/1/2016
2017,Nov,Paraiba,101,1/1/2017
1998,Dec,Paraiba,51,1/1/1998
1999,Dec,Paraiba,40,1/1/1999
2000,Dec,Paraiba,34,1/1/2000
2001,Dec,Paraiba,70,1/1/2001
2002,Dec,Paraiba,163,1/1/2002
2003,Dec,Paraiba,288,1/1/2003
2004,Dec,Paraiba,351,1/1/2004
2005,Dec,Paraiba,159,1/1/2005
2006,Dec,Paraiba,196,1/1/2006
2007,Dec,Paraiba,,1/1/2007
2008,Dec,Paraiba,187,1/1/2008
2009,Dec,Paraiba,270,1/1/2009
2010,Dec,Paraiba,65,1/1/2010
2011,Dec,Paraiba,179,1/1/2011
2012,Dec,Paraiba,62,1/1/2012
2013,Dec,Paraiba,78,1/1/2013
2014,Dec,Paraiba,62,1/1/2014
2015,Dec,Paraiba,122,1/1/2015
2016,Dec,Paraiba,8,1/1/2016
1998,Jan,Paraiba,0,1/1/1998
1999,Jan,Paraiba,7,1/1/1999
2000,Jan,Paraiba,49,1/1/2000
2001,Jan,Paraiba,32,1/1/2001
2002,Jan,Paraiba,47,1/1/2002
2003,Jan,Paraiba,109,1/1/2003
2004,Jan,Paraiba,88,1/1/2004
2005,Jan,Paraiba,55,1/1/2005
2006,Jan,Paraiba,78,1/1/2006
2007,Jan,Paraiba,11,1/1/2007
2008,Jan,Paraiba,35,1/1/2008
2009,Jan,Paraiba,35,1/1/2009
2010,Jan,Paraiba,18,1/1/2010
2011,Jan,Paraiba,,1/1/2011
2012,Jan,Paraiba,31,1/1/2012
2013,Jan,Paraiba,28,1/1/2013
2014,Jan,Paraiba,86,1/1/2014
2015,Jan,Paraiba,120,1/1/2015
2016,Jan,Paraiba,113,1/1/2016
2017,Jan,Paraiba,55,1/1/2017
1998,Feb,Paraiba,,1/1/1998
1999,Feb,Paraiba,22,1/1/1999
2000,Feb,Paraiba,67,1/1/2000
2001,Feb,Paraiba,8,1/1/2001
2002,Feb,Paraiba,24,1/1/2002
2003,Feb,Paraiba,46,1/1/2003
2004,Feb,Paraiba,42,1/1/2004
2005,Feb,Paraiba,77,1/1/2005
2006,Feb,Paraiba,60,1/1/2006
2007,Feb,Paraiba,32,1/1/2007
2008,Feb,Paraiba,38,1/1/2008
2009,Feb,Paraiba,21,1/1/2009
2010,Feb,Paraiba,46,1/1/2010
2011,Feb,Paraiba,8,1/1/2011
2012,Feb,Paraiba,40,1/1/2012
2013,Feb,Paraiba,9,1/1/2013
2014,Feb,Paraiba,52,1/1/2014
2015,Feb,Paraiba,58,1/1/2015
2016,Feb,Paraiba,31,1/1/2016
2017,Feb,Paraiba,60,1/1/2017
1998,Mar,Paraiba,0,1/1/1998
1999,Mar,Paraiba,40,1/1/1999
2000,Mar,Paraiba,52,1/1/2000
2001,Mar,Paraiba,12,1/1/2001
2002,Mar,Paraiba,18,1/1/2002
2003,Mar,Paraiba,76,1/1/2003
2004,Mar,Paraiba,83,1/1/2004
2005,Mar,Paraiba,84,1/1/2005
2006,Mar,Paraiba,56,1/1/2006
2007,Mar,Paraiba,54,1/1/2007
2008,Mar,Paraiba,43,1/1/2008
2009,Mar,Paraiba,57,1/1/2009
2010,Mar,Paraiba,22,1/1/2010
2011,Mar,Paraiba,21,1/1/2011
2012,Mar,Paraiba,55,1/1/2012
2013,Mar,Paraiba,18,1/1/2013
2014,Mar,Paraiba,42,1/1/2014
2015,Mar,Paraiba,55,1/1/2015
2016,Mar,Paraiba,63,1/1/2016
2017,Mar,Paraiba,43,1/1/2017
1998,Apr,Paraiba,0,1/1/1998
1999,Apr,Paraiba,39,1/1/1999
2000,Apr,Paraiba,51,1/1/2000
2001,Apr,Paraiba,43,1/1/2001
2002,Apr,Paraiba,84,1/1/2002
2003,Apr,Paraiba,130,1/1/2003
2004,Apr,Paraiba,68,1/1/2004
2005,Apr,Paraiba,22,1/1/2005
2006,Apr,Paraiba,49,1/1/2006
2007,Apr,Paraiba,14,1/1/2007
2008,Apr,Paraiba,62,1/1/2008
2009,Apr,Paraiba,80,1/1/2009
2010,Apr,Paraiba,71,1/1/2010
2011,Apr,Paraiba,38,1/1/2011
2012,Apr,Paraiba,38,1/1/2012
2013,Apr,Paraiba,72,1/1/2013
2014,Apr,Paraiba,38,1/1/2014
2015,Apr,Paraiba,83,1/1/2015
2016,Apr,Paraiba,167,1/1/2016
2017,Apr,Paraiba,77,1/1/2017
1998,May,Paraiba,0,1/1/1998
1999,May,Paraiba,57,1/1/1999
2000,May,Paraiba,43,1/1/2000
2001,May,Paraiba,26,1/1/2001
2002,May,Paraiba,65,1/1/2002
2003,May,Paraiba,115,1/1/2003
2004,May,Paraiba,9,1/1/2004
2005,May,Paraiba,125,1/1/2005
2006,May,Paraiba,90,1/1/2006
2007,May,Paraiba,14,1/1/2007
2008,May,Paraiba,41,1/1/2008
2009,May,Paraiba,117,1/1/2009
2010,May,Paraiba,39,1/1/2010
2011,May,Paraiba,97,1/1/2011
2012,May,Paraiba,86,1/1/2012
2013,May,Paraiba,85,1/1/2013
2014,May,Paraiba,109,1/1/2014
2015,May,Paraiba,77,1/1/2015
2016,May,Paraiba,72,1/1/2016
2017,May,Paraiba,49,1/1/2017
1998,Jun,Paraiba,36,1/1/1998
1999,Jun,Paraiba,31,1/1/1999
2000,Jun,Paraiba,53,1/1/2000
2001,Jun,Paraiba,43,1/1/2001
2002,Jun,Paraiba,115,1/1/2002
2003,Jun,Paraiba,159,1/1/2003
2004,Jun,Paraiba,147,1/1/2004
2005,Jun,Paraiba,114,1/1/2005
2006,Jun,Paraiba,62,1/1/2006
2007,Jun,Paraiba,57,1/1/2007
2008,Jun,Paraiba,17,1/1/2008
2009,Jun,Paraiba,105,1/1/2009
2010,Jun,Paraiba,55,1/1/2010
2011,Jun,Paraiba,162,1/1/2011
2012,Jun,Paraiba,77,1/1/2012
2013,Jun,Paraiba,52,1/1/2013
2014,Jun,Paraiba,112,1/1/2014
2015,Jun,Paraiba,201,1/1/2015
2016,Jun,Paraiba,238,1/1/2016
2017,Jun,Paraiba,169,1/1/2017
1998,Jul,Paraiba,59,1/1/1998
1999,Jul,Paraiba,94,1/1/1999
2000,Jul,Paraiba,98,1/1/2000
2001,Jul,Paraiba,122,1/1/2001
2002,Jul,Paraiba,172,1/1/2002
2003,Jul,Paraiba,101,1/1/2003
2004,Jul,Paraiba,148,1/1/2004
2005,Jul,Paraiba,155,1/1/2005
2006,Jul,Paraiba,139,1/1/2006
2007,Jul,Paraiba,60,1/1/2007
2008,Jul,Paraiba,87,1/1/2008
2009,Jul,Paraiba,34,1/1/2009
2010,Jul,Paraiba,,1/1/2010
2011,Jul,Paraiba,262,1/1/2011
2012,Jul,Paraiba,111,1/1/2012
2013,Jul,Paraiba,168,1/1/2013
2014,Jul,Paraiba,215,1/1/2014
2015,Jul,Paraiba,137,1/1/2015
2016,Jul,Paraiba,504,1/1/2016
2017,Jul,Paraiba,891,1/1/2017
1998,Aug,Paraiba,42,1/1/1998
1999,Aug,Paraiba,938,1/1/1999
2000,Aug,Paraiba,849,1/1/2000
2001,Aug,Paraiba,342,1/1/2001
2002,Aug,Paraiba,1.593,1/1/2002
2003,Aug,Paraiba,1.896,1/1/2003
2004,Aug,Paraiba,1.237,1/1/2004
2005,Aug,Paraiba,800,1/1/2005
2006,Aug,Paraiba,844,1/1/2006
2007,Aug,Paraiba,580,1/1/2007
2008,Aug,Paraiba,,1/1/2008
2009,Aug,Paraiba,844,1/1/2009
2010,Aug,Paraiba,733,1/1/2010
2011,Aug,Paraiba,435,1/1/2011
2012,Aug,Paraiba,522,1/1/2012
2013,Aug,Paraiba,481,1/1/2013
2014,Aug,Paraiba,646,1/1/2014
2015,Aug,Paraiba,651,1/1/2015
2016,Aug,Paraiba,1.01,1/1/2016
2017,Aug,Paraiba,987,1/1/2017
1998,Sep,Paraiba,61,1/1/1998
1999,Sep,Paraiba,878,1/1/1999
2000,Sep,Paraiba,381,1/1/2000
2001,Sep,Paraiba,258,1/1/2001
2002,Sep,Paraiba,1.071,1/1/2002
2003,Sep,Paraiba,2.446,1/1/2003
2004,Sep,Paraiba,1.36,1/1/2004
2005,Sep,Paraiba,386,1/1/2005
2006,Sep,Paraiba,866,1/1/2006
2007,Sep,Paraiba,960,1/1/2007
2008,Sep,Paraiba,413,1/1/2008
2009,Sep,Paraiba,149,1/1/2009
2010,Sep,Paraiba,270,1/1/2010
2011,Sep,Paraiba,913,1/1/2011
2012,Sep,Paraiba,459,1/1/2012
2013,Sep,Paraiba,476,1/1/2013
2014,Sep,Paraiba,443,1/1/2014
2015,Sep,Paraiba,599,1/1/2015
2016,Sep,Paraiba,1.371,1/1/2016
2017,Sep,Paraiba,1.706,1/1/2017
1998,Oct,Paraiba,61,1/1/1998
1999,Oct,Paraiba,452,1/1/1999
2000,Oct,Paraiba,658,1/1/2000
2001,Oct,Paraiba,209,1/1/2001
2002,Oct,Paraiba,399,1/1/2002
2003,Oct,Paraiba,1.228,1/1/2003
2004,Oct,Paraiba,666,1/1/2004
2005,Oct,Paraiba,157,1/1/2005
2006,Oct,Paraiba,327,1/1/2006
2007,Oct,Paraiba,194,1/1/2007
2008,Oct,Paraiba,78,1/1/2008
2009,Oct,Paraiba,424,1/1/2009
2010,Oct,Paraiba,230,1/1/2010
2011,Oct,Paraiba,256,1/1/2011
2012,Oct,Paraiba,145,1/1/2012
2013,Oct,Paraiba,233,1/1/2013
2014,Oct,Paraiba,411,1/1/2014
2015,Oct,Paraiba,158,1/1/2015
2016,Oct,Paraiba,193,1/1/2016
2017,Oct,Paraiba,134,1/1/2017
1998,Nov,Paraiba,143,1/1/1998
1999,Nov,Paraiba,447,1/1/1999
2000,Nov,Paraiba,85,1/1/2000
2001,Nov,Paraiba,89,1/1/2001
2002,Nov,Paraiba,425,1/1/2002
2003,Nov,Paraiba,503,1/1/2003
2004,Nov,Paraiba,388,1/1/2004
2005,Nov,Paraiba,597,1/1/2005
2006,Nov,Paraiba,60,1/1/2006
2007,Nov,Paraiba,59,1/1/2007
2008,Nov,Paraiba,39,1/1/2008
2009,Nov,Paraiba,90,1/1/2009
2010,Nov,Paraiba,183,1/1/2010
2011,Nov,Paraiba,138,1/1/2011
2012,Nov,Paraiba,142,1/1/2012
2013,Nov,Paraiba,126,1/1/2013
2014,Nov,Paraiba,68,1/1/2014
2015,Nov,Paraiba,18,1/1/2015
2016,Nov,Paraiba,275,1/1/2016
2017,Nov,Paraiba,292,1/1/2017
1998,Dec,Paraiba,82,1/1/1998
1999,Dec,Paraiba,254,1/1/1999
2000,Dec,Paraiba,159,1/1/2000
2001,Dec,Paraiba,85,1/1/2001
2002,Dec,Paraiba,165,1/1/2002
2003,Dec,Paraiba,171,1/1/2003
2004,Dec,Paraiba,151,1/1/2004
2005,Dec,Paraiba,40,1/1/2005
2006,Dec,Paraiba,6,1/1/2006
2007,Dec,Paraiba,22,1/1/2007
2008,Dec,Paraiba,62,1/1/2008
2009,Dec,Paraiba,30,1/1/2009
2010,Dec,Paraiba,37,1/1/2010
2011,Dec,Paraiba,78,1/1/2011
2012,Dec,Paraiba,54,1/1/2012
2013,Dec,Paraiba,155,1/1/2013
2014,Dec,Paraiba,78,1/1/2014
2015,Dec,Paraiba,30,1/1/2015
2016,Dec,Paraiba,45,1/1/2016
1998,Jan,Pernambuco,0,1/1/1998
1999,Jan,Pernambuco,102,1/1/1999
2000,Jan,Pernambuco,3,1/1/2000
2001,Jan,Pernambuco,7,1/1/2001
2002,Jan,Pernambuco,10,1/1/2002
2003,Jan,Pernambuco,188,1/1/2003
2004,Jan,Pernambuco,29,1/1/2004
2005,Jan,Pernambuco,221,1/1/2005
2006,Jan,Pernambuco,148,1/1/2006
2007,Jan,Pernambuco,156,1/1/2007
2008,Jan,Pernambuco,170,1/1/2008
2009,Jan,Pernambuco,256,1/1/2009
2010,Jan,Pernambuco,,1/1/2010
2011,Jan,Pernambuco,49,1/1/2011
2012,Jan,Pernambuco,146,1/1/2012
2013,Jan,Pernambuco,55,1/1/2013
2014,Jan,Pernambuco,99,1/1/2014
2015,Jan,Pernambuco,109,1/1/2015
2016,Jan,Pernambuco,24,1/1/2016
2017,Jan,Pernambuco,52,1/1/2017
1998,Feb,Pernambuco,0,1/1/1998
1999,Feb,Pernambuco,13,1/1/1999
2000,Feb,Pernambuco,4,1/1/2000
2001,Feb,Pernambuco,2,1/1/2001
2002,Feb,Pernambuco,,1/1/2002
2003,Feb,Pernambuco,35,1/1/2003
2004,Feb,Pernambuco,8,1/1/2004
2005,Feb,Pernambuco,33,1/1/2005
2006,Feb,Pernambuco,41,1/1/2006
2007,Feb,Pernambuco,21,1/1/2007
2008,Feb,Pernambuco,48,1/1/2008
2009,Feb,Pernambuco,28,1/1/2009
2010,Feb,Pernambuco,33,1/1/2010
2011,Feb,Pernambuco,25,1/1/2011
2012,Feb,Pernambuco,64,1/1/2012
2013,Feb,Pernambuco,29,1/1/2013
2014,Feb,Pernambuco,25,1/1/2014
2015,Feb,Pernambuco,55,1/1/2015
2016,Feb,Pernambuco,19,1/1/2016
2017,Feb,Pernambuco,23,1/1/2017
1998,Mar,Pernambuco,0,1/1/1998
1999,Mar,Pernambuco,27,1/1/1999
2000,Mar,Pernambuco,14,1/1/2000
2001,Mar,Pernambuco,0,1/1/2001
2002,Mar,Pernambuco,24,1/1/2002
2003,Mar,Pernambuco,9,1/1/2003
2004,Mar,Pernambuco,6,1/1/2004
2005,Mar,Pernambuco,45,1/1/2005
2006,Mar,Pernambuco,,1/1/2006
2007,Mar,Pernambuco,4,1/1/2007
2008,Mar,Pernambuco,32,1/1/2008
2009,Mar,Pernambuco,15,1/1/2009
2010,Mar,Pernambuco,59,1/1/2010
2011,Mar,Pernambuco,39,1/1/2011
2012,Mar,Pernambuco,44,1/1/2012
2013,Mar,Pernambuco,40,1/1/2013
2014,Mar,Pernambuco,36,1/1/2014
2015,Mar,Pernambuco,33,1/1/2015
2016,Mar,Pernambuco,4,1/1/2016
2017,Mar,Pernambuco,7,1/1/2017
1998,Apr,Pernambuco,0,1/1/1998
1999,Apr,Pernambuco,2,1/1/1999
2000,Apr,Pernambuco,1,1/1/2000
2001,Apr,Pernambuco,,1/1/2001
2002,Apr,Pernambuco,5,1/1/2002
2003,Apr,Pernambuco,7,1/1/2003
2004,Apr,Pernambuco,5,1/1/2004
2005,Apr,Pernambuco,1,1/1/2005
2006,Apr,Pernambuco,2,1/1/2006
2007,Apr,Pernambuco,1,1/1/2007
2008,Apr,Pernambuco,5,1/1/2008
2009,Apr,Pernambuco,3,1/1/2009
2010,Apr,Pernambuco,2,1/1/2010
2011,Apr,Pernambuco,22,1/1/2011
2012,Apr,Pernambuco,46,1/1/2012
2013,Apr,Pernambuco,11,1/1/2013
2014,Apr,Pernambuco,10,1/1/2014
2015,Apr,Pernambuco,30,1/1/2015
2016,Apr,Pernambuco,8,1/1/2016
2017,Apr,Pernambuco,9,1/1/2017
1998,May,Pernambuco,0,1/1/1998
1999,May,Pernambuco,6,1/1/1999
2000,May,Pernambuco,7,1/1/2000
2001,May,Pernambuco,5,1/1/2001
2002,May,Pernambuco,13,1/1/2002
2003,May,Pernambuco,1,1/1/2003
2004,May,Pernambuco,2,1/1/2004
2005,May,Pernambuco,,1/1/2005
2006,May,Pernambuco,1,1/1/2006
2007,May,Pernambuco,0,1/1/2007
2008,May,Pernambuco,0,1/1/2008
2009,May,Pernambuco,0,1/1/2009
2010,May,Pernambuco,8,1/1/2010
2011,May,Pernambuco,1,1/1/2011
2012,May,Pernambuco,36,1/1/2012
2013,May,Pernambuco,9,1/1/2013
2014,May,Pernambuco,4,1/1/2014
2015,May,Pernambuco,17,1/1/2015
2016,May,Pernambuco,6,1/1/2016
2017,May,Pernambuco,13,1/1/2017
1998,Jun,Pernambuco,1,1/1/1998
1999,Jun,Pernambuco,7,1/1/1999
2000,Jun,Pernambuco,4,1/1/2000
2001,Jun,Pernambuco,2,1/1/2001
2002,Jun,Pernambuco,1,1/1/2002
2003,Jun,Pernambuco,2,1/1/2003
2004,Jun,Pernambuco,4,1/1/2004
2005,Jun,Pernambuco,3,1/1/2005
2006,Jun,Pernambuco,0,1/1/2006
2007,Jun,Pernambuco,1,1/1/2007
2008,Jun,Pernambuco,0,1/1/2008
2009,Jun,Pernambuco,1,1/1/2009
2010,Jun,Pernambuco,1,1/1/2010
2011,Jun,Pernambuco,4,1/1/2011
2012,Jun,Pernambuco,12,1/1/2012
2013,Jun,Pernambuco,12,1/1/2013
2014,Jun,Pernambuco,3,1/1/2014
2015,Jun,Pernambuco,3,1/1/2015
2016,Jun,Pernambuco,4,1/1/2016
2017,Jun,Pernambuco,5,1/1/2017
1998,Jul,Pernambuco,5,1/1/1998
1999,Jul,Pernambuco,2,1/1/1999
2000,Jul,Pernambuco,0,1/1/2000
2001,Jul,Pernambuco,6,1/1/2001
2002,Jul,Pernambuco,8,1/1/2002
2003,Jul,Pernambuco,5,1/1/2003
2004,Jul,Pernambuco,13,1/1/2004
2005,Jul,Pernambuco,1,1/1/2005
2006,Jul,Pernambuco,1,1/1/2006
2007,Jul,Pernambuco,3,1/1/2007
2008,Jul,Pernambuco,0,1/1/2008
2009,Jul,Pernambuco,1,1/1/2009
2010,Jul,Pernambuco,7,1/1/2010
2011,Jul,Pernambuco,2,1/1/2011
2012,Jul,Pernambuco,,1/1/2012
2013,Jul,Pernambuco,4,1/1/2013
2014,Jul,Pernambuco,11,1/1/2014
2015,Jul,Pernambuco,13,1/1/2015
2016,Jul,Pernambuco,17,1/1/2016
2017,Jul,Pernambuco,2,1/1/2017
1998,Aug,Pernambuco,12,1/1/1998
1999,Aug,Pernambuco,3,1/1/1999
2000,Aug,Pernambuco,31,1/1/2000
2001,Aug,Pernambuco,27,1/1/2001
2002,Aug,Pernambuco,37,1/1/2002
2003,Aug,Pernambuco,26,1/1/2003
2004,Aug,Pernambuco,41,1/1/2004
2005,Aug,Pernambuco,10,1/1/2005
2006,Aug,Pernambuco,8,1/1/2006
2007,Aug,Pernambuco,20,1/1/2007
2008,Aug,Pernambuco,2,1/1/2008
2009,Aug,Pernambuco,10,1/1/2009
2010,Aug,Pernambuco,29,1/1/2010
2011,Aug,Pernambuco,27,1/1/2011
2012,Aug,Pernambuco,27,1/1/2012
2013,Aug,Pernambuco,14,1/1/2013
2014,Aug,Pernambuco,23,1/1/2014
2015,Aug,Pernambuco,21,1/1/2015
2016,Aug,Pernambuco,42,1/1/2016
2017,Aug,Pernambuco,20,1/1/2017
1998,Sep,Pernambuco,177,1/1/1998
1999,Sep,Pernambuco,64,1/1/1999
2000,Sep,Pernambuco,130,1/1/2000
2001,Sep,Pernambuco,298,1/1/2001
2002,Sep,Pernambuco,374,1/1/2002
2003,Sep,Pernambuco,510,1/1/2003
2004,Sep,Pernambuco,192,1/1/2004
2005,Sep,Pernambuco,154,1/1/2005
2006,Sep,Pernambuco,147,1/1/2006
2007,Sep,Pernambuco,164,1/1/2007
2008,Sep,Pernambuco,92,1/1/2008
2009,Sep,Pernambuco,164,1/1/2009
2010,Sep,Pernambuco,179,1/1/2010
2011,Sep,Pernambuco,243,1/1/2011
2012,Sep,Pernambuco,192,1/1/2012
2013,Sep,Pernambuco,143,1/1/2013
2014,Sep,Pernambuco,63,1/1/2014
2015,Sep,Pernambuco,116,1/1/2015
2016,Sep,Pernambuco,171,1/1/2016
2017,Sep,Pernambuco,69,1/1/2017
1998,Oct,Pernambuco,372,1/1/1998
1999,Oct,Pernambuco,180,1/1/1999
2000,Oct,Pernambuco,411,1/1/2000
2001,Oct,Pernambuco,461,1/1/2001
2002,Oct,Pernambuco,638,1/1/2002
2003,Oct,Pernambuco,859,1/1/2003
2004,Oct,Pernambuco,,1/1/2004
2005,Oct,Pernambuco,408,1/1/2005
2006,Oct,Pernambuco,310,1/1/2006
2007,Oct,Pernambuco,702,1/1/2007
2008,Oct,Pernambuco,274,1/1/2008
2009,Oct,Pernambuco,254,1/1/2009
2010,Oct,Pernambuco,347,1/1/2010
2011,Oct,Pernambuco,461,1/1/2011
2012,Oct,Pernambuco,,1/1/2012
2013,Oct,Pernambuco,161,1/1/2013
2014,Oct,Pernambuco,174,1/1/2014
2015,Oct,Pernambuco,194,1/1/2015
2016,Oct,Pernambuco,319,1/1/2016
2017,Oct,Pernambuco,256,1/1/2017
1998,Nov,Pernambuco,141,1/1/1998
1999,Nov,Pernambuco,41,1/1/1999
2000,Nov,Pernambuco,64,1/1/2000
2001,Nov,Pernambuco,208,1/1/2001
2002,Nov,Pernambuco,521,1/1/2002
2003,Nov,Pernambuco,560,1/1/2003
2004,Nov,Pernambuco,465,1/1/2004
2005,Nov,Pernambuco,452,1/1/2005
2006,Nov,Pernambuco,385,1/1/2006
2007,Nov,Pernambuco,,1/1/2007
2008,Nov,Pernambuco,363,1/1/2008
2009,Nov,Pernambuco,486,1/1/2009
2010,Nov,Pernambuco,831,1/1/2010
2011,Nov,Pernambuco,352,1/1/2011
2012,Nov,Pernambuco,181,1/1/2012
2013,Nov,Pernambuco,110,1/1/2013
2014,Nov,Pernambuco,111,1/1/2014
2015,Nov,Pernambuco,,1/1/2015
2016,Nov,Pernambuco,191,1/1/2016
2017,Nov,Pernambuco,66,1/1/2017
1998,Dec,Pernambuco,59,1/1/1998
1999,Dec,Pernambuco,16,1/1/1999
2000,Dec,Pernambuco,22,1/1/2000
2001,Dec,Pernambuco,62,1/1/2001
2002,Dec,Pernambuco,259,1/1/2002
2003,Dec,Pernambuco,229,1/1/2003
2004,Dec,Pernambuco,373,1/1/2004
2005,Dec,Pernambuco,191,1/1/2005
2006,Dec,Pernambuco,207,1/1/2006
2007,Dec,Pernambuco,200,1/1/2007
2008,Dec,Pernambuco,203,1/1/2008
2009,Dec,Pernambuco,351,1/1/2009
2010,Dec,Pernambuco,117,1/1/2010
2011,Dec,Pernambuco,364,1/1/2011
2012,Dec,Pernambuco,108,1/1/2012
2013,Dec,Pernambuco,141,1/1/2013
2014,Dec,Pernambuco,101,1/1/2014
2015,Dec,Pernambuco,176,1/1/2015
2016,Dec,Pernambuco,161,1/1/2016
1998,Jan,Piau,0,1/1/1998
1999,Jan,Piau,21,1/1/1999
2000,Jan,Piau,5,1/1/2000
2001,Jan,Piau,29,1/1/2001
2002,Jan,Piau,33,1/1/2002
2003,Jan,Piau,86,1/1/2003
2004,Jan,Piau,42,1/1/2004
2005,Jan,Piau,94,1/1/2005
2006,Jan,Piau,133,1/1/2006
2007,Jan,Piau,123,1/1/2007
2008,Jan,Piau,61,1/1/2008
2009,Jan,Piau,79,1/1/2009
2010,Jan,Piau,99,1/1/2010
2011,Jan,Piau,39,1/1/2011
2012,Jan,Piau,80,1/1/2012
2013,Jan,Piau,72,1/1/2013
2014,Jan,Piau,79,1/1/2014
2015,Jan,Piau,92,1/1/2015
2016,Jan,Piau,94,1/1/2016
2017,Jan,Piau,85,1/1/2017
1998,Feb,Piau,0,1/1/1998
1999,Feb,Piau,22,1/1/1999
2000,Feb,Piau,12,1/1/2000
2001,Feb,Piau,0,1/1/2001
2002,Feb,Piau,160,1/1/2002
2003,Feb,Piau,3,1/1/2003
2004,Feb,Piau,20,1/1/2004
2005,Feb,Piau,26,1/1/2005
2006,Feb,Piau,23,1/1/2006
2007,Feb,Piau,11,1/1/2007
2008,Feb,Piau,21,1/1/2008
2009,Feb,Piau,19,1/1/2009
2010,Feb,Piau,54,1/1/2010
2011,Feb,Piau,11,1/1/2011
2012,Feb,Piau,31,1/1/2012
2013,Feb,Piau,68,1/1/2013
2014,Feb,Piau,14,1/1/2014
2015,Feb,Piau,38,1/1/2015
2016,Feb,Piau,97,1/1/2016
2017,Feb,Piau,24,1/1/2017
1998,Mar,Piau,,1/1/1998
1999,Mar,Piau,4,1/1/1999
2000,Mar,Piau,14,1/1/2000
2001,Mar,Piau,2,1/1/2001
2002,Mar,Piau,63,1/1/2002
2003,Mar,Piau,15,1/1/2003
2004,Mar,Piau,27,1/1/2004
2005,Mar,Piau,13,1/1/2005
2006,Mar,Piau,18,1/1/2006
2007,Mar,Piau,31,1/1/2007
2008,Mar,Piau,4,1/1/2008
2009,Mar,Piau,17,1/1/2009
2010,Mar,Piau,47,1/1/2010
2011,Mar,Piau,15,1/1/2011
2012,Mar,Piau,71,1/1/2012
2013,Mar,Piau,14,1/1/2013
2014,Mar,Piau,88,1/1/2014
2015,Mar,Piau,35,1/1/2015
2016,Mar,Piau,53,1/1/2016
2017,Mar,Piau,25,1/1/2017
1998,Apr,Piau,0,1/1/1998
1999,Apr,Piau,10,1/1/1999
2000,Apr,Piau,15,1/1/2000
2001,Apr,Piau,1,1/1/2001
2002,Apr,Piau,87,1/1/2002
2003,Apr,Piau,22,1/1/2003
2004,Apr,Piau,10,1/1/2004
2005,Apr,Piau,3,1/1/2005
2006,Apr,Piau,1,1/1/2006
2007,Apr,Piau,9,1/1/2007
2008,Apr,Piau,7,1/1/2008
2009,Apr,Piau,8,1/1/2009
2010,Apr,Piau,56,1/1/2010
2011,Apr,Piau,16,1/1/2011
2012,Apr,Piau,119,1/1/2012
2013,Apr,Piau,34,1/1/2013
2014,Apr,Piau,63,1/1/2014
2015,Apr,Piau,50,1/1/2015
2016,Apr,Piau,35,1/1/2016
2017,Apr,Piau,25,1/1/2017
1998,May,Piau,0,1/1/1998
1999,May,Piau,8,1/1/1999
2000,May,Piau,25,1/1/2000
2001,May,Piau,36,1/1/2001
2002,May,Piau,84,1/1/2002
2003,May,Piau,13,1/1/2003
2004,May,Piau,80,1/1/2004
2005,May,Piau,,1/1/2005
2006,May,Piau,0,1/1/2006
2007,May,Piau,52,1/1/2007
2008,May,Piau,12,1/1/2008
2009,May,Piau,12,1/1/2009
2010,May,Piau,,1/1/2010
2011,May,Piau,77,1/1/2011
2012,May,Piau,334,1/1/2012
2013,May,Piau,40,1/1/2013
2014,May,Piau,138,1/1/2014
2015,May,Piau,66,1/1/2015
2016,May,Piau,60,1/1/2016
2017,May,Piau,36,1/1/2017
1998,Jun,Piau,46,1/1/1998
1999,Jun,Piau,47,1/1/1999
2000,Jun,Piau,18,1/1/2000
2001,Jun,Piau,87,1/1/2001
2002,Jun,Piau,161,1/1/2002
2003,Jun,Piau,88,1/1/2003
2004,Jun,Piau,239,1/1/2004
2005,Jun,Piau,171,1/1/2005
2006,Jun,Piau,40,1/1/2006
2007,Jun,Piau,303,1/1/2007
2008,Jun,Piau,33,1/1/2008
2009,Jun,Piau,56,1/1/2009
2010,Jun,Piau,208,1/1/2010
2011,Jun,Piau,462,1/1/2011
2012,Jun,Piau,834,1/1/2012
2013,Jun,Piau,263,1/1/2013
2014,Jun,Piau,373,1/1/2014
2015,Jun,Piau,283,1/1/2015
2016,Jun,Piau,153,1/1/2016
2017,Jun,Piau,193,1/1/2017
1998,Jul,Piau,189,1/1/1998
1999,Jul,Piau,123,1/1/1999
2000,Jul,Piau,75,1/1/2000
2001,Jul,Piau,337,1/1/2001
2002,Jul,Piau,534,1/1/2002
2003,Jul,Piau,407,1/1/2003
2004,Jul,Piau,564,1/1/2004
2005,Jul,Piau,445,1/1/2005
2006,Jul,Piau,150,1/1/2006
2007,Jul,Piau,919,1/1/2007
2008,Jul,Piau,97,1/1/2008
2009,Jul,Piau,302,1/1/2009
2010,Jul,Piau,1.696,1/1/2010
2011,Jul,Piau,864,1/1/2011
2012,Jul,Piau,1.755,1/1/2012
2013,Jul,Piau,361,1/1/2013
2014,Jul,Piau,1.177,1/1/2014
2015,Jul,Piau,690,1/1/2015
2016,Jul,Piau,754,1/1/2016
2017,Jul,Piau,643,1/1/2017
1998,Aug,Piau,711,1/1/1998
1999,Aug,Piau,499,1/1/1999
2000,Aug,Piau,415,1/1/2000
2001,Aug,Piau,1.133,1/1/2001
2002,Aug,Piau,2.28,1/1/2002
2003,Aug,Piau,864,1/1/2003
2004,Aug,Piau,1.002,1/1/2004
2005,Aug,Piau,943,1/1/2005
2006,Aug,Piau,911,1/1/2006
2007,Aug,Piau,3.551,1/1/2007
2008,Aug,Piau,290,1/1/2008
2009,Aug,Piau,790,1/1/2009
2010,Aug,Piau,4.035,1/1/2010
2011,Aug,Piau,1.958,1/1/2011
2012,Aug,Piau,3.614,1/1/2012
2013,Aug,Piau,1.015,1/1/2013
2014,Aug,Piau,2.265,1/1/2014
2015,Aug,Piau,2.057,1/1/2015
2016,Aug,Piau,,1/1/2016
2017,Aug,Piau,1.572,1/1/2017
1998,Sep,Piau,1.991,1/1/1998
1999,Sep,Piau,872,1/1/1999
2000,Sep,Piau,1.099,1/1/2000
2001,Sep,Piau,2.401,1/1/2001
2002,Sep,Piau,2.475,1/1/2002
2003,Sep,Piau,3.399,1/1/2003
2004,Sep,Piau,2.662,1/1/2004
2005,Sep,Piau,3.136,1/1/2005
2006,Sep,Piau,1.618,1/1/2006
2007,Sep,Piau,4.078,1/1/2007
2008,Sep,Piau,1.472,1/1/2008
2009,Sep,Piau,1.709,1/1/2009
2010,Sep,Piau,5.392,1/1/2010
2011,Sep,Piau,4.402,1/1/2011
2012,Sep,Piau,4.479,1/1/2012
2013,Sep,Piau,2.311,1/1/2013
2014,Sep,Piau,2.536,1/1/2014
2015,Sep,Piau,5.828,1/1/2015
2016,Sep,Piau,1.394,1/1/2016
2017,Sep,Piau,3.422,1/1/2017
1998,Oct,Piau,,1/1/1998
1999,Oct,Piau,1.438,1/1/1999
2000,Oct,Piau,2.558,1/1/2000
2001,Oct,Piau,3.742,1/1/2001
2002,Oct,Piau,2.757,1/1/2002
2003,Oct,Piau,2.332,1/1/2003
2004,Oct,Piau,2.144,1/1/2004
2005,Oct,Piau,3.263,1/1/2005
2006,Oct,Piau,1.443,1/1/2006
2007,Oct,Piau,2.331,1/1/2007
2008,Oct,Piau,1.83,1/1/2008
2009,Oct,Piau,913,1/1/2009
2010,Oct,Piau,,1/1/2010
2011,Oct,Piau,1.484,1/1/2011
2012,Oct,Piau,2.506,1/1/2012
2013,Oct,Piau,1.269,1/1/2013
2014,Oct,Piau,1.788,1/1/2014
2015,Oct,Piau,4.068,1/1/2015
2016,Oct,Piau,2.598,1/1/2016
2017,Oct,Piau,3.004,1/1/2017
1998,Nov,Piau,424,1/1/1998
1999,Nov,Piau,334,1/1/1999
2000,Nov,Piau,450,1/1/2000
2001,Nov,Piau,1.484,1/1/2001
2002,Nov,Piau,1.174,1/1/2002
2003,Nov,Piau,1.248,1/1/2003
2004,Nov,Piau,1.798,1/1/2004
2005,Nov,Piau,1.599,1/1/2005
2006,Nov,Piau,740,1/1/2006
2007,Nov,Piau,939,1/1/2007
2008,Nov,Piau,594,1/1/2008
2009,Nov,Piau,1.336,1/1/2009
2010,Nov,Piau,1.417,1/1/2010
2011,Nov,Piau,825,1/1/2011
2012,Nov,Piau,447,1/1/2012
2013,Nov,Piau,640,1/1/2013
2014,Nov,Piau,717,1/1/2014
2015,Nov,Piau,897,1/1/2015
2016,Nov,Piau,1.126,1/1/2016
2017,Nov,Piau,449,1/1/2017
1998,Dec,Piau,119,1/1/1998
1999,Dec,Piau,74,1/1/1999
2000,Dec,Piau,79,1/1/2000
2001,Dec,Piau,230,1/1/2001
2002,Dec,Piau,373,1/1/2002
2003,Dec,Piau,459,1/1/2003
2004,Dec,Piau,788,1/1/2004
2005,Dec,Piau,486,1/1/2005
2006,Dec,Piau,339,1/1/2006
2007,Dec,Piau,317,1/1/2007
2008,Dec,Piau,329,1/1/2008
2009,Dec,Piau,570,1/1/2009
2010,Dec,Piau,357,1/1/2010
2011,Dec,Piau,362,1/1/2011
2012,Dec,Piau,334,1/1/2012
2013,Dec,Piau,468,1/1/2013
2014,Dec,Piau,346,1/1/2014
2015,Dec,Piau,626,1/1/2015
2016,Dec,Piau,374,1/1/2016
1998,Jan,Rio,0,1/1/1998
1999,Jan,Rio,0,1/1/1999
2000,Jan,Rio,0,1/1/2000
2001,Jan,Rio,0,1/1/2001
2002,Jan,Rio,0,1/1/2002
2003,Jan,Rio,0,1/1/2003
2004,Jan,Rio,1,1/1/2004
2005,Jan,Rio,5,1/1/2005
2006,Jan,Rio,12,1/1/2006
2007,Jan,Rio,0,1/1/2007
2008,Jan,Rio,1,1/1/2008
2009,Jan,Rio,3,1/1/2009
2010,Jan,Rio,13,1/1/2010
2011,Jan,Rio,,1/1/2011
2012,Jan,Rio,12,1/1/2012
2013,Jan,Rio,9,1/1/2013
2014,Jan,Rio,35,1/1/2014
2015,Jan,Rio,97,1/1/2015
2016,Jan,Rio,9,1/1/2016
2017,Jan,Rio,15,1/1/2017
1998,Feb,Rio,0,1/1/1998
1999,Feb,Rio,0,1/1/1999
2000,Feb,Rio,1,1/1/2000
2001,Feb,Rio,3,1/1/2001
2002,Feb,Rio,1,1/1/2002
2003,Feb,Rio,10,1/1/2003
2004,Feb,Rio,8,1/1/2004
2005,Feb,Rio,4,1/1/2005
2006,Feb,Rio,7,1/1/2006
2007,Feb,Rio,15,1/1/2007
2008,Feb,Rio,2,1/1/2008
2009,Feb,Rio,5,1/1/2009
2010,Feb,Rio,73,1/1/2010
2011,Feb,Rio,36,1/1/2011
2012,Feb,Rio,11,1/1/2012
2013,Feb,Rio,12,1/1/2013
2014,Feb,Rio,116,1/1/2014
2015,Feb,Rio,36,1/1/2015
2016,Feb,Rio,16,1/1/2016
2017,Feb,Rio,34,1/1/2017
1998,Mar,Rio,0,1/1/1998
1999,Mar,Rio,0,1/1/1999
2000,Mar,Rio,0,1/1/2000
2001,Mar,Rio,0,1/1/2001
2002,Mar,Rio,1,1/1/2002
2003,Mar,Rio,23,1/1/2003
2004,Mar,Rio,4,1/1/2004
2005,Mar,Rio,7,1/1/2005
2006,Mar,Rio,8,1/1/2006
2007,Mar,Rio,27,1/1/2007
2008,Mar,Rio,2,1/1/2008
2009,Mar,Rio,5,1/1/2009
2010,Mar,Rio,10,1/1/2010
2011,Mar,Rio,7,1/1/2011
2012,Mar,Rio,20,1/1/2012
2013,Mar,Rio,,1/1/2013
2014,Mar,Rio,38,1/1/2014
2015,Mar,Rio,23,1/1/2015
2016,Mar,Rio,16,1/1/2016
2017,Mar,Rio,10,1/1/2017
1998,Apr,Rio,0,1/1/1998
1999,Apr,Rio,1,1/1/1999
2000,Apr,Rio,2,1/1/2000
2001,Apr,Rio,2,1/1/2001
2002,Apr,Rio,8,1/1/2002
2003,Apr,Rio,11,1/1/2003
2004,Apr,Rio,3,1/1/2004
2005,Apr,Rio,1,1/1/2005
2006,Apr,Rio,8,1/1/2006
2007,Apr,Rio,9,1/1/2007
2008,Apr,Rio,2,1/1/2008
2009,Apr,Rio,1,1/1/2009
2010,Apr,Rio,10,1/1/2010
2011,Apr,Rio,12,1/1/2011
2012,Apr,Rio,12,1/1/2012
2013,Apr,Rio,9,1/1/2013
2014,Apr,Rio,25,1/1/2014
2015,Apr,Rio,24,1/1/2015
2016,Apr,Rio,45,1/1/2016
2017,Apr,Rio,12,1/1/2017
1998,May,Rio,0,1/1/1998
1999,May,Rio,7,1/1/1999
2000,May,Rio,5,1/1/2000
2001,May,Rio,4,1/1/2001
2002,May,Rio,4,1/1/2002
2003,May,Rio,1,1/1/2003
2004,May,Rio,0,1/1/2004
2005,May,Rio,11,1/1/2005
2006,May,Rio,4,1/1/2006
2007,May,Rio,2,1/1/2007
2008,May,Rio,0,1/1/2008
2009,May,Rio,37,1/1/2009
2010,May,Rio,6,1/1/2010
2011,May,Rio,17,1/1/2011
2012,May,Rio,18,1/1/2012
2013,May,Rio,16,1/1/2013
2014,May,Rio,20,1/1/2014
2015,May,Rio,21,1/1/2015
2016,May,Rio,30,1/1/2016
2017,May,Rio,15,1/1/2017
1998,Jun,Rio,3,1/1/1998
1999,Jun,Rio,8,1/1/1999
2000,Jun,Rio,14,1/1/2000
2001,Jun,Rio,13,1/1/2001
2002,Jun,Rio,13,1/1/2002
2003,Jun,Rio,13,1/1/2003
2004,Jun,Rio,19,1/1/2004
2005,Jun,Rio,16,1/1/2005
2006,Jun,Rio,19,1/1/2006
2007,Jun,Rio,3,1/1/2007
2008,Jun,Rio,4,1/1/2008
2009,Jun,Rio,33,1/1/2009
2010,Jun,Rio,7,1/1/2010
2011,Jun,Rio,33,1/1/2011
2012,Jun,Rio,14,1/1/2012
2013,Jun,Rio,17,1/1/2013
2014,Jun,Rio,54,1/1/2014
2015,Jun,Rio,33,1/1/2015
2016,Jun,Rio,37,1/1/2016
2017,Jun,Rio,68,1/1/2017
1998,Jul,Rio,21,1/1/1998
1999,Jul,Rio,14,1/1/1999
2000,Jul,Rio,22,1/1/2000
2001,Jul,Rio,57,1/1/2001
2002,Jul,Rio,17,1/1/2002
2003,Jul,Rio,42,1/1/2003
2004,Jul,Rio,23,1/1/2004
2005,Jul,Rio,20,1/1/2005
2006,Jul,Rio,54,1/1/2006
2007,Jul,Rio,15,1/1/2007
2008,Jul,Rio,14,1/1/2008
2009,Jul,Rio,56,1/1/2009
2010,Jul,Rio,55,1/1/2010
2011,Jul,Rio,121,1/1/2011
2012,Jul,Rio,50,1/1/2012
2013,Jul,Rio,58,1/1/2013
2014,Jul,Rio,62,1/1/2014
2015,Jul,Rio,74,1/1/2015
2016,Jul,Rio,131,1/1/2016
2017,Jul,Rio,70,1/1/2017
1998,Aug,Rio,21,1/1/1998
1999,Aug,Rio,88,1/1/1999
2000,Aug,Rio,34,1/1/2000
2001,Aug,Rio,129,1/1/2001
2002,Aug,Rio,184,1/1/2002
2003,Aug,Rio,191,1/1/2003
2004,Aug,Rio,74,1/1/2004
2005,Aug,Rio,98,1/1/2005
2006,Aug,Rio,79,1/1/2006
2007,Aug,Rio,189,1/1/2007
2008,Aug,Rio,19,1/1/2008
2009,Aug,Rio,91,1/1/2009
2010,Aug,Rio,316,1/1/2010
2011,Aug,Rio,250,1/1/2011
2012,Aug,Rio,72,1/1/2012
2013,Aug,Rio,74,1/1/2013
2014,Aug,Rio,199,1/1/2014
2015,Aug,Rio,158,1/1/2015
2016,Aug,Rio,241,1/1/2016
2017,Aug,Rio,164,1/1/2017
1998,Sep,Rio,44,1/1/1998
1999,Sep,Rio,192,1/1/1999
2000,Sep,Rio,,1/1/2000
2001,Sep,Rio,60,1/1/2001
2002,Sep,Rio,45,1/1/2002
2003,Sep,Rio,166,1/1/2003
2004,Sep,Rio,205,1/1/2004
2005,Sep,Rio,46,1/1/2005
2006,Sep,Rio,197,1/1/2006
2007,Sep,Rio,223,1/1/2007
2008,Sep,Rio,132,1/1/2008
2009,Sep,Rio,90,1/1/2009
2010,Sep,Rio,353,1/1/2010
2011,Sep,Rio,510,1/1/2011
2012,Sep,Rio,172,1/1/2012
2013,Sep,Rio,117,1/1/2013
2014,Sep,Rio,318,1/1/2014
2015,Sep,Rio,85,1/1/2015
2016,Sep,Rio,195,1/1/2016
2017,Sep,Rio,728,1/1/2017
1998,Oct,Rio,6,1/1/1998
1999,Oct,Rio,30,1/1/1999
2000,Oct,Rio,25,1/1/2000
2001,Oct,Rio,33,1/1/2001
2002,Oct,Rio,313,1/1/2002
2003,Oct,Rio,81,1/1/2003
2004,Oct,Rio,26,1/1/2004
2005,Oct,Rio,116,1/1/2005
2006,Oct,Rio,12,1/1/2006
2007,Oct,Rio,137,1/1/2007
2008,Oct,Rio,42,1/1/2008
2009,Oct,Rio,18,1/1/2009
2010,Oct,Rio,35,1/1/2010
2011,Oct,Rio,114,1/1/2011
2012,Oct,Rio,163,1/1/2012
2013,Oct,Rio,44,1/1/2013
2014,Oct,Rio,500,1/1/2014
2015,Oct,Rio,96,1/1/2015
2016,Oct,Rio,30,1/1/2016
2017,Oct,Rio,238,1/1/2017
1998,Nov,Rio,6,1/1/1998
1999,Nov,Rio,16,1/1/1999
2000,Nov,Rio,2,1/1/2000
2001,Nov,Rio,4,1/1/2001
2002,Nov,Rio,11,1/1/2002
2003,Nov,Rio,5,1/1/2003
2004,Nov,Rio,49,1/1/2004
2005,Nov,Rio,12,1/1/2005
2006,Nov,Rio,1,1/1/2006
2007,Nov,Rio,1,1/1/2007
2008,Nov,Rio,0,1/1/2008
2009,Nov,Rio,,1/1/2009
2010,Nov,Rio,23,1/1/2010
2011,Nov,Rio,20,1/1/2011
2012,Nov,Rio,13,1/1/2012
2013,Nov,Rio,28,1/1/2013
2014,Nov,Rio,36,1/1/2014
2015,Nov,Rio,6,1/1/2015
2016,Nov,Rio,19,1/1/2016
2017,Nov,Rio,43,1/1/2017
1998,Dec,Rio,1,1/1/1998
1999,Dec,Rio,0,1/1/1999
2000,Dec,Rio,0,1/1/2000
2001,Dec,Rio,2,1/1/2001
2002,Dec,Rio,8,1/1/2002
2003,Dec,Rio,10,1/1/2003
2004,Dec,Rio,9,1/1/2004
2005,Dec,Rio,2,1/1/2005
2006,Dec,Rio,0,1/1/2006
2007,Dec,Rio,0,1/1/2007
2008,Dec,Rio,6,1/1/2008
2009,Dec,Rio,1,1/1/2009
2010,Dec,Rio,10,1/1/2010
2011,Dec,Rio,3,1/1/2011
2012,Dec,Rio,18,1/1/2012
2013,Dec,Rio,12,1/1/2013
2014,Dec,Rio,25,1/1/2014
2015,Dec,Rio,11,1/1/2015
2016,Dec,Rio,5,1/1/2016
1998,Jan,Rio,0,1/1/1998
1999,Jan,Rio,32,1/1/1999
2000,Jan,Rio,1,1/1/2000
2001,Jan,Rio,2,1/1/2001
2002,Jan,Rio,4,1/1/2002
2003,Jan,Rio,113,1/1/2003
2004,Jan,Rio,44,1/1/2004
2005,Jan,Rio,153,1/1/2005
2006,Jan,Rio,93,1/1/2006
2007,Jan,Rio,63,1/1/2007
2008,Jan,Rio,70,1/1/2008
2009,Jan,Rio,110,1/1/2009
2010,Jan,Rio,32,1/1/2010
2011,Jan,Rio,15,1/1/2011
2012,Jan,Rio,72,1/1/2012
2013,Jan,Rio,25,1/1/2013
2014,Jan,Rio,34,1/1/2014
2015,Jan,Rio,45,1/1/2015
2016,Jan,Rio,15,1/1/2016
2017,Jan,Rio,28,1/1/2017
1998,Feb,Rio,0,1/1/1998
1999,Feb,Rio,11,1/1/1999
2000,Feb,Rio,7,1/1/2000
2001,Feb,Rio,0,1/1/2001
2002,Feb,Rio,18,1/1/2002
2003,Feb,Rio,9,1/1/2003
2004,Feb,Rio,5,1/1/2004
2005,Feb,Rio,42,1/1/2005
2006,Feb,Rio,21,1/1/2006
2007,Feb,Rio,9,1/1/2007
2008,Feb,Rio,25,1/1/2008
2009,Feb,Rio,8,1/1/2009
2010,Feb,Rio,12,1/1/2010
2011,Feb,Rio,5,1/1/2011
2012,Feb,Rio,13,1/1/2012
2013,Feb,Rio,24,1/1/2013
2014,Feb,Rio,8,1/1/2014
2015,Feb,Rio,15,1/1/2015
2016,Feb,Rio,2,1/1/2016
2017,Feb,Rio,10,1/1/2017
1998,Mar,Rio,0,1/1/1998
1999,Mar,Rio,9,1/1/1999
2000,Mar,Rio,11,1/1/2000
2001,Mar,Rio,0,1/1/2001
2002,Mar,Rio,3,1/1/2002
2003,Mar,Rio,1,1/1/2003
2004,Mar,Rio,,1/1/2004
2005,Mar,Rio,15,1/1/2005
2006,Mar,Rio,8,1/1/2006
2007,Mar,Rio,7,1/1/2007
2008,Mar,Rio,3,1/1/2008
2009,Mar,Rio,2,1/1/2009
2010,Mar,Rio,23,1/1/2010
2011,Mar,Rio,3,1/1/2011
2012,Mar,Rio,2,1/1/2012
2013,Mar,Rio,6,1/1/2013
2014,Mar,Rio,6,1/1/2014
2015,Mar,Rio,3,1/1/2015
2016,Mar,Rio,1,1/1/2016
2017,Mar,Rio,3,1/1/2017
1998,Apr,Rio,0,1/1/1998
1999,Apr,Rio,21,1/1/1999
2000,Apr,Rio,16,1/1/2000
2001,Apr,Rio,10,1/1/2001
2002,Apr,Rio,0,1/1/2002
2003,Apr,Rio,2,1/1/2003
2004,Apr,Rio,3,1/1/2004
2005,Apr,Rio,2,1/1/2005
2006,Apr,Rio,2,1/1/2006
2007,Apr,Rio,1,1/1/2007
2008,Apr,Rio,0,1/1/2008
2009,Apr,Rio,1,1/1/2009
2010,Apr,Rio,7,1/1/2010
2011,Apr,Rio,0,1/1/2011
2012,Apr,Rio,4,1/1/2012
2013,Apr,Rio,7,1/1/2013
2014,Apr,Rio,2,1/1/2014
2015,Apr,Rio,4,1/1/2015
2016,Apr,Rio,0,1/1/2016
2017,Apr,Rio,6,1/1/2017
1998,May,Rio,0,1/1/1998
1999,May,Rio,1,1/1/1999
2000,May,Rio,3,1/1/2000
2001,May,Rio,56,1/1/2001
2002,May,Rio,6,1/1/2002
2003,May,Rio,0,1/1/2003
2004,May,Rio,2,1/1/2004
2005,May,Rio,3,1/1/2005
2006,May,Rio,0,1/1/2006
2007,May,Rio,2,1/1/2007
2008,May,Rio,0,1/1/2008
2009,May,Rio,0,1/1/2009
2010,May,Rio,3,1/1/2010
2011,May,Rio,0,1/1/2011
2012,May,Rio,14,1/1/2012
2013,May,Rio,2,1/1/2013
2014,May,Rio,2,1/1/2014
2015,May,Rio,4,1/1/2015
2016,May,Rio,1,1/1/2016
2017,May,Rio,2,1/1/2017
1998,Jun,Rio,1,1/1/1998
1999,Jun,Rio,4,1/1/1999
2000,Jun,Rio,8,1/1/2000
2001,Jun,Rio,13,1/1/2001
2002,Jun,Rio,1,1/1/2002
2003,Jun,Rio,1,1/1/2003
2004,Jun,Rio,2,1/1/2004
2005,Jun,Rio,0,1/1/2005
2006,Jun,Rio,0,1/1/2006
2007,Jun,Rio,0,1/1/2007
2008,Jun,Rio,0,1/1/2008
2009,Jun,Rio,0,1/1/2009
2010,Jun,Rio,1,1/1/2010
2011,Jun,Rio,1,1/1/2011
2012,Jun,Rio,5,1/1/2012
2013,Jun,Rio,1,1/1/2013
2014,Jun,Rio,2,1/1/2014
2015,Jun,Rio,5,1/1/2015
2016,Jun,Rio,4,1/1/2016
2017,Jun,Rio,3,1/1/2017
1998,Jul,Rio,5,1/1/1998
1999,Jul,Rio,7,1/1/1999
2000,Jul,Rio,5,1/1/2000
2001,Jul,Rio,25,1/1/2001
2002,Jul,Rio,7,1/1/2002
2003,Jul,Rio,7,1/1/2003
2004,Jul,Rio,5,1/1/2004
2005,Jul,Rio,2,1/1/2005
2006,Jul,Rio,0,1/1/2006
2007,Jul,Rio,7,1/1/2007
2008,Jul,Rio,0,1/1/2008
2009,Jul,Rio,0,1/1/2009
2010,Jul,Rio,7,1/1/2010
2011,Jul,Rio,0,1/1/2011
2012,Jul,Rio,3,1/1/2012
2013,Jul,Rio,0,1/1/2013
2014,Jul,Rio,2,1/1/2014
2015,Jul,Rio,3,1/1/2015
2016,Jul,Rio,13,1/1/2016
2017,Jul,Rio,4,1/1/2017
1998,Aug,Rio,4,1/1/1998
1999,Aug,Rio,40,1/1/1999
2000,Aug,Rio,29,1/1/2000
2001,Aug,Rio,55,1/1/2001
2002,Aug,Rio,48,1/1/2002
2003,Aug,Rio,,1/1/2003
2004,Aug,Rio,15,1/1/2004
2005,Aug,Rio,9,1/1/2005
2006,Aug,Rio,13,1/1/2006
2007,Aug,Rio,26,1/1/2007
2008,Aug,Rio,2,1/1/2008
2009,Aug,Rio,1,1/1/2009
2010,Aug,Rio,24,1/1/2010
2011,Aug,Rio,10,1/1/2011
2012,Aug,Rio,23,1/1/2012
2013,Aug,Rio,2,1/1/2013
2014,Aug,Rio,21,1/1/2014
2015,Aug,Rio,16,1/1/2015
2016,Aug,Rio,,1/1/2016
2017,Aug,Rio,21,1/1/2017
1998,Sep,Rio,51,1/1/1998
1999,Sep,Rio,35,1/1/1999
2000,Sep,Rio,17,1/1/2000
2001,Sep,Rio,45,1/1/2001
2002,Sep,Rio,52,1/1/2002
2003,Sep,Rio,112,1/1/2003
2004,Sep,Rio,47,1/1/2004
2005,Sep,Rio,37,1/1/2005
2006,Sep,Rio,50,1/1/2006
2007,Sep,Rio,50,1/1/2007
2008,Sep,Rio,17,1/1/2008
2009,Sep,Rio,29,1/1/2009
2010,Sep,Rio,50,1/1/2010
2011,Sep,Rio,22,1/1/2011
2012,Sep,Rio,41,1/1/2012
2013,Sep,Rio,7,1/1/2013
2014,Sep,Rio,30,1/1/2014
2015,Sep,Rio,36,1/1/2015
2016,Sep,Rio,44,1/1/2016
2017,Sep,Rio,48,1/1/2017
1998,Oct,Rio,55,1/1/1998
1999,Oct,Rio,40,1/1/1999
2000,Oct,Rio,28,1/1/2000
2001,Oct,Rio,34,1/1/2001
2002,Oct,Rio,140,1/1/2002
2003,Oct,Rio,276,1/1/2003
2004,Oct,Rio,89,1/1/2004
2005,Oct,Rio,168,1/1/2005
2006,Oct,Rio,85,1/1/2006
2007,Oct,Rio,88,1/1/2007
2008,Oct,Rio,53,1/1/2008
2009,Oct,Rio,84,1/1/2009
2010,Oct,Rio,111,1/1/2010
2011,Oct,Rio,76,1/1/2011
2012,Oct,Rio,74,1/1/2012
2013,Oct,Rio,71,1/1/2013
2014,Oct,Rio,75,1/1/2014
2015,Oct,Rio,129,1/1/2015
2016,Oct,Rio,129,1/1/2016
2017,Oct,Rio,85,1/1/2017
1998,Nov,Rio,41,1/1/1998
1999,Nov,Rio,62,1/1/1999
2000,Nov,Rio,9,1/1/2000
2001,Nov,Rio,41,1/1/2001
2002,Nov,Rio,178,1/1/2002
2003,Nov,Rio,366,1/1/2003
2004,Nov,Rio,164,1/1/2004
2005,Nov,Rio,249,1/1/2005
2006,Nov,Rio,148,1/1/2006
2007,Nov,Rio,130,1/1/2007
2008,Nov,Rio,82,1/1/2008
2009,Nov,Rio,172,1/1/2009
2010,Nov,Rio,212,1/1/2010
2011,Nov,Rio,144,1/1/2011
2012,Nov,Rio,69,1/1/2012
2013,Nov,Rio,77,1/1/2013
2014,Nov,Rio,124,1/1/2014
2015,Nov,Rio,105,1/1/2015
2016,Nov,Rio,93,1/1/2016
2017,Nov,Rio,89,1/1/2017
1998,Dec,Rio,19,1/1/1998
1999,Dec,Rio,29,1/1/1999
2000,Dec,Rio,11,1/1/2000
2001,Dec,Rio,20,1/1/2001
2002,Dec,Rio,222,1/1/2002
2003,Dec,Rio,278,1/1/2003
2004,Dec,Rio,284,1/1/2004
2005,Dec,Rio,149,1/1/2005
2006,Dec,Rio,101,1/1/2006
2007,Dec,Rio,80,1/1/2007
2008,Dec,Rio,126,1/1/2008
2009,Dec,Rio,221,1/1/2009
2010,Dec,Rio,54,1/1/2010
2011,Dec,Rio,125,1/1/2011
2012,Dec,Rio,75,1/1/2012
2013,Dec,Rio,46,1/1/2013
2014,Dec,Rio,47,1/1/2014
2015,Dec,Rio,74,1/1/2015
2016,Dec,Rio,75,1/1/2016
1998,Jan,Rio,0,1/1/1998
1999,Jan,Rio,63,1/1/1999
2000,Jan,Rio,126,1/1/2000
2001,Jan,Rio,12,1/1/2001
2002,Jan,Rio,265,1/1/2002
2003,Jan,Rio,58,1/1/2003
2004,Jan,Rio,70,1/1/2004
2005,Jan,Rio,152,1/1/2005
2006,Jan,Rio,46,1/1/2006
2007,Jan,Rio,37,1/1/2007
2008,Jan,Rio,42,1/1/2008
2009,Jan,Rio,65,1/1/2009
2010,Jan,Rio,22,1/1/2010
2011,Jan,Rio,33,1/1/2011
2012,Jan,Rio,61,1/1/2012
2013,Jan,Rio,22,1/1/2013
2014,Jan,Rio,53,1/1/2014
2015,Jan,Rio,51,1/1/2015
2016,Jan,Rio,68,1/1/2016
2017,Jan,Rio,28,1/1/2017
1998,Feb,Rio,0,1/1/1998
1999,Feb,Rio,35,1/1/1999
2000,Feb,Rio,43,1/1/2000
2001,Feb,Rio,32,1/1/2001
2002,Feb,Rio,38,1/1/2002
2003,Feb,Rio,13,1/1/2003
2004,Feb,Rio,52,1/1/2004
2005,Feb,Rio,36,1/1/2005
2006,Feb,Rio,34,1/1/2006
2007,Feb,Rio,24,1/1/2007
2008,Feb,Rio,30,1/1/2008
2009,Feb,Rio,15,1/1/2009
2010,Feb,Rio,23,1/1/2010
2011,Feb,Rio,26,1/1/2011
2012,Feb,Rio,39,1/1/2012
2013,Feb,Rio,43,1/1/2013
2014,Feb,Rio,37,1/1/2014
2015,Feb,Rio,41,1/1/2015
2016,Feb,Rio,55,1/1/2016
2017,Feb,Rio,31,1/1/2017
1998,Mar,Rio,0,1/1/1998
1999,Mar,Rio,38,1/1/1999
2000,Mar,Rio,51,1/1/2000
2001,Mar,Rio,11,1/1/2001
2002,Mar,Rio,26,1/1/2002
2003,Mar,Rio,27,1/1/2003
2004,Mar,Rio,149,1/1/2004
2005,Mar,Rio,153,1/1/2005
2006,Mar,Rio,76,1/1/2006
2007,Mar,Rio,,1/1/2007
2008,Mar,Rio,38,1/1/2008
2009,Mar,Rio,41,1/1/2009
2010,Mar,Rio,21,1/1/2010
2011,Mar,Rio,31,1/1/2011
2012,Mar,Rio,50,1/1/2012
2013,Mar,Rio,44,1/1/2013
2014,Mar,Rio,58,1/1/2014
2015,Mar,Rio,108,1/1/2015
2016,Mar,Rio,30,1/1/2016
2017,Mar,Rio,34,1/1/2017
1998,Apr,Rio,0,1/1/1998
1999,Apr,Rio,12,1/1/1999
2000,Apr,Rio,1,1/1/2000
2001,Apr,Rio,3,1/1/2001
2002,Apr,Rio,6,1/1/2002
2003,Apr,Rio,30,1/1/2003
2004,Apr,Rio,98,1/1/2004
2005,Apr,Rio,14,1/1/2005
2006,Apr,Rio,59,1/1/2006
2007,Apr,Rio,4,1/1/2007
2008,Apr,Rio,110,1/1/2008
2009,Apr,Rio,145,1/1/2009
2010,Apr,Rio,72,1/1/2010
2011,Apr,Rio,41,1/1/2011
2012,Apr,Rio,41,1/1/2012
2013,Apr,Rio,47,1/1/2013
2014,Apr,Rio,60,1/1/2014
2015,Apr,Rio,175,1/1/2015
2016,Apr,Rio,32,1/1/2016
2017,Apr,Rio,51,1/1/2017
1998,May,Rio,0,1/1/1998
1999,May,Rio,13,1/1/1999
2000,May,Rio,4,1/1/2000
2001,May,Rio,4,1/1/2001
2002,May,Rio,7,1/1/2002
2003,May,Rio,18,1/1/2003
2004,May,Rio,4,1/1/2004
2005,May,Rio,24,1/1/2005
2006,May,Rio,24,1/1/2006
2007,May,Rio,3,1/1/2007
2008,May,Rio,20,1/1/2008
2009,May,Rio,177,1/1/2009
2010,May,Rio,9,1/1/2010
2011,May,Rio,20,1/1/2011
2012,May,Rio,112,1/1/2012
2013,May,Rio,14,1/1/2013
2014,May,Rio,63,1/1/2014
2015,May,Rio,169,1/1/2015
2016,May,Rio,37,1/1/2016
2017,May,Rio,43,1/1/2017
1998,Jun,Rio,0,1/1/1998
1999,Jun,Rio,9,1/1/1999
2000,Jun,Rio,0,1/1/2000
2001,Jun,Rio,1,1/1/2001
2002,Jun,Rio,4,1/1/2002
2003,Jun,Rio,14,1/1/2003
2004,Jun,Rio,52,1/1/2004
2005,Jun,Rio,50,1/1/2005
2006,Jun,Rio,7,1/1/2006
2007,Jun,Rio,10,1/1/2007
2008,Jun,Rio,16,1/1/2008
2009,Jun,Rio,30,1/1/2009
2010,Jun,Rio,4,1/1/2010
2011,Jun,Rio,12,1/1/2011
2012,Jun,Rio,86,1/1/2012
2013,Jun,Rio,10,1/1/2013
2014,Jun,Rio,62,1/1/2014
2015,Jun,Rio,68,1/1/2015
2016,Jun,Rio,261,1/1/2016
2017,Jun,Rio,103,1/1/2017
1998,Jul,Rio,0,1/1/1998
1999,Jul,Rio,10,1/1/1999
2000,Jul,Rio,6,1/1/2000
2001,Jul,Rio,6,1/1/2001
2002,Jul,Rio,93,1/1/2002
2003,Jul,Rio,55,1/1/2003
2004,Jul,Rio,156,1/1/2004
2005,Jul,Rio,47,1/1/2005
2006,Jul,Rio,45,1/1/2006
2007,Jul,Rio,7,1/1/2007
2008,Jul,Rio,25,1/1/2008
2009,Jul,Rio,47,1/1/2009
2010,Jul,Rio,34,1/1/2010
2011,Jul,Rio,45,1/1/2011
2012,Jul,Rio,134,1/1/2012
2013,Jul,Rio,42,1/1/2013
2014,Jul,Rio,209,1/1/2014
2015,Jul,Rio,60,1/1/2015
2016,Jul,Rio,865,1/1/2016
2017,Jul,Rio,885,1/1/2017
1998,Aug,Rio,9,1/1/1998
1999,Aug,Rio,24,1/1/1999
2000,Aug,Rio,18,1/1/2000
2001,Aug,Rio,36,1/1/2001
2002,Aug,Rio,824,1/1/2002
2003,Aug,Rio,1.419,1/1/2003
2004,Aug,Rio,403,1/1/2004
2005,Aug,Rio,120,1/1/2005
2006,Aug,Rio,642,1/1/2006
2007,Aug,Rio,258,1/1/2007
2008,Aug,Rio,56,1/1/2008
2009,Aug,Rio,1.057,1/1/2009
2010,Aug,Rio,267,1/1/2010
2011,Aug,Rio,116,1/1/2011
2012,Aug,Rio,410,1/1/2012
2013,Aug,Rio,156,1/1/2013
2014,Aug,Rio,1.168,1/1/2014
2015,Aug,Rio,414,1/1/2015
2016,Aug,Rio,1.111,1/1/2016
2017,Aug,Rio,819,1/1/2017
1998,Sep,Rio,60,1/1/1998
1999,Sep,Rio,19,1/1/1999
2000,Sep,Rio,27,1/1/2000
2001,Sep,Rio,2,1/1/2001
2002,Sep,Rio,226,1/1/2002
2003,Sep,Rio,828,1/1/2003
2004,Sep,Rio,431,1/1/2004
2005,Sep,Rio,189,1/1/2005
2006,Sep,Rio,444,1/1/2006
2007,Sep,Rio,573,1/1/2007
2008,Sep,Rio,97,1/1/2008
2009,Sep,Rio,39,1/1/2009
2010,Sep,Rio,250,1/1/2010
2011,Sep,Rio,449,1/1/2011
2012,Sep,Rio,113,1/1/2012
2013,Sep,Rio,290,1/1/2013
2014,Sep,Rio,224,1/1/2014
2015,Sep,Rio,222,1/1/2015
2016,Sep,Rio,628,1/1/2016
2017,Sep,Rio,343,1/1/2017
1998,Oct,Rio,,1/1/1998
1999,Oct,Rio,56,1/1/1999
2000,Oct,Rio,10,1/1/2000
2001,Oct,Rio,13,1/1/2001
2002,Oct,Rio,10,1/1/2002
2003,Oct,Rio,360,1/1/2003
2004,Oct,Rio,680,1/1/2004
2005,Oct,Rio,83,1/1/2005
2006,Oct,Rio,160,1/1/2006
2007,Oct,Rio,21,1/1/2007
2008,Oct,Rio,135,1/1/2008
2009,Oct,Rio,148,1/1/2009
2010,Oct,Rio,95,1/1/2010
2011,Oct,Rio,74,1/1/2011
2012,Oct,Rio,91,1/1/2012
2013,Oct,Rio,104,1/1/2013
2014,Oct,Rio,110,1/1/2014
2015,Oct,Rio,70,1/1/2015
2016,Oct,Rio,93,1/1/2016
2017,Oct,Rio,101,1/1/2017
1998,Nov,Rio,28,1/1/1998
1999,Nov,Rio,103,1/1/1999
2000,Nov,Rio,18,1/1/2000
2001,Nov,Rio,49,1/1/2001
2002,Nov,Rio,117,1/1/2002
2003,Nov,Rio,121,1/1/2003
2004,Nov,Rio,161,1/1/2004
2005,Nov,Rio,227,1/1/2005
2006,Nov,Rio,27,1/1/2006
2007,Nov,Rio,13,1/1/2007
2008,Nov,Rio,14,1/1/2008
2009,Nov,Rio,4,1/1/2009
2010,Nov,Rio,90,1/1/2010
2011,Nov,Rio,117,1/1/2011
2012,Nov,Rio,74,1/1/2012
2013,Nov,Rio,110,1/1/2013
2014,Nov,Rio,68,1/1/2014
2015,Nov,Rio,30,1/1/2015
2016,Nov,Rio,105,1/1/2016
2017,Nov,Rio,137,1/1/2017
1998,Dec,Rio,605,1/1/1998
1999,Dec,Rio,1.11,1/1/1999
2000,Dec,Rio,80,1/1/2000
2001,Dec,Rio,80,1/1/2001
2002,Dec,Rio,45,1/1/2002
2003,Dec,Rio,98,1/1/2003
2004,Dec,Rio,99,1/1/2004
2005,Dec,Rio,35,1/1/2005
2006,Dec,Rio,15,1/1/2006
2007,Dec,Rio,25,1/1/2007
2008,Dec,Rio,32,1/1/2008
2009,Dec,Rio,15,1/1/2009
2010,Dec,Rio,103,1/1/2010
2011,Dec,Rio,69,1/1/2011
2012,Dec,Rio,38,1/1/2012
2013,Dec,Rio,62,1/1/2013
2014,Dec,Rio,31,1/1/2014
2015,Dec,Rio,42,1/1/2015
2016,Dec,Rio,79,1/1/2016
1998,Jan,rondonia,0,1/1/1998
1999,Jan,rondonia,1,1/1/1999
2000,Jan,rondonia,0,1/1/2000
2001,Jan,rondonia,0,1/1/2001
2002,Jan,rondonia,6,1/1/2002
2003,Jan,rondonia,62,1/1/2003
2004,Jan,rondonia,30,1/1/2004
2005,Jan,rondonia,99,1/1/2005
2006,Jan,rondonia,16,1/1/2006
2007,Jan,rondonia,33,1/1/2007
2008,Jan,rondonia,4,1/1/2008
2009,Jan,rondonia,17,1/1/2009
2010,Jan,rondonia,18,1/1/2010
2011,Jan,rondonia,1,1/1/2011
2012,Jan,rondonia,2,1/1/2012
2013,Jan,rondonia,7,1/1/2013
2014,Jan,rondonia,12,1/1/2014
2015,Jan,rondonia,30,1/1/2015
2016,Jan,rondonia,93,1/1/2016
2017,Jan,rondonia,44,1/1/2017
1998,Feb,rondonia,0,1/1/1998
1999,Feb,rondonia,1,1/1/1999
2000,Feb,rondonia,6,1/1/2000
2001,Feb,rondonia,2,1/1/2001
2002,Feb,rondonia,8,1/1/2002
2003,Feb,rondonia,10,1/1/2003
2004,Feb,rondonia,12,1/1/2004
2005,Feb,rondonia,42,1/1/2005
2006,Feb,rondonia,17,1/1/2006
2007,Feb,rondonia,8,1/1/2007
2008,Feb,rondonia,7,1/1/2008
2009,Feb,rondonia,1,1/1/2009
2010,Feb,rondonia,9,1/1/2010
2011,Feb,rondonia,2,1/1/2011
2012,Feb,rondonia,9,1/1/2012
2013,Feb,rondonia,8,1/1/2013
2014,Feb,rondonia,5,1/1/2014
2015,Feb,rondonia,22,1/1/2015
2016,Feb,rondonia,88,1/1/2016
2017,Feb,rondonia,10,1/1/2017
1998,Mar,rondonia,0,1/1/1998
1999,Mar,rondonia,8,1/1/1999
2000,Mar,rondonia,9,1/1/2000
2001,Mar,rondonia,0,1/1/2001
2002,Mar,rondonia,1,1/1/2002
2003,Mar,rondonia,13,1/1/2003
2004,Mar,rondonia,20,1/1/2004
2005,Mar,rondonia,17,1/1/2005
2006,Mar,rondonia,15,1/1/2006
2007,Mar,rondonia,20,1/1/2007
2008,Mar,rondonia,2,1/1/2008
2009,Mar,rondonia,12,1/1/2009
2010,Mar,rondonia,11,1/1/2010
2011,Mar,rondonia,6,1/1/2011
2012,Mar,rondonia,6,1/1/2012
2013,Mar,rondonia,23,1/1/2013
2014,Mar,rondonia,13,1/1/2014
2015,Mar,rondonia,15,1/1/2015
2016,Mar,rondonia,25,1/1/2016
2017,Mar,rondonia,21,1/1/2017
1998,Apr,rondonia,0,1/1/1998
1999,Apr,rondonia,3,1/1/1999
2000,Apr,rondonia,0,1/1/2000
2001,Apr,rondonia,0,1/1/2001
2002,Apr,rondonia,3,1/1/2002
2003,Apr,rondonia,10,1/1/2003
2004,Apr,rondonia,14,1/1/2004
2005,Apr,rondonia,7,1/1/2005
2006,Apr,rondonia,0,1/1/2006
2007,Apr,rondonia,0,1/1/2007
2008,Apr,rondonia,8,1/1/2008
2009,Apr,rondonia,3,1/1/2009
2010,Apr,rondonia,19,1/1/2010
2011,Apr,rondonia,,1/1/2011
2012,Apr,rondonia,12,1/1/2012
2013,Apr,rondonia,9,1/1/2013
2014,Apr,rondonia,15,1/1/2014
2015,Apr,rondonia,15,1/1/2015
2016,Apr,rondonia,59,1/1/2016
2017,Apr,rondonia,19,1/1/2017
1998,May,rondonia,0,1/1/1998
1999,May,rondonia,3,1/1/1999
2000,May,rondonia,13,1/1/2000
2001,May,rondonia,5,1/1/2001
2002,May,rondonia,10,1/1/2002
2003,May,rondonia,21,1/1/2003
2004,May,rondonia,,1/1/2004
2005,May,rondonia,38,1/1/2005
2006,May,rondonia,7,1/1/2006
2007,May,rondonia,4,1/1/2007
2008,May,rondonia,1,1/1/2008
2009,May,rondonia,6,1/1/2009
2010,May,rondonia,41,1/1/2010
2011,May,rondonia,54,1/1/2011
2012,May,rondonia,22,1/1/2012
2013,May,rondonia,9,1/1/2013
2014,May,rondonia,28,1/1/2014
2015,May,rondonia,13,1/1/2015
2016,May,rondonia,44,1/1/2016
2017,May,rondonia,31,1/1/2017
1998,Jun,rondonia,26,1/1/1998
1999,Jun,rondonia,10,1/1/1999
2000,Jun,rondonia,54,1/1/2000
2001,Jun,rondonia,31,1/1/2001
2002,Jun,rondonia,141,1/1/2002
2003,Jun,rondonia,74,1/1/2003
2004,Jun,rondonia,151,1/1/2004
2005,Jun,rondonia,153,1/1/2005
2006,Jun,rondonia,40,1/1/2006
2007,Jun,rondonia,71,1/1/2007
2008,Jun,rondonia,11,1/1/2008
2009,Jun,rondonia,13,1/1/2009
2010,Jun,rondonia,,1/1/2010
2011,Jun,rondonia,130,1/1/2011
2012,Jun,rondonia,32,1/1/2012
2013,Jun,rondonia,22,1/1/2013
2014,Jun,rondonia,92,1/1/2014
2015,Jun,rondonia,119,1/1/2015
2016,Jun,rondonia,170,1/1/2016
2017,Jun,rondonia,192,1/1/2017
1998,Jul,rondonia,365,1/1/1998
1999,Jul,rondonia,135,1/1/1999
2000,Jul,rondonia,117,1/1/2000
2001,Jul,rondonia,74,1/1/2001
2002,Jul,rondonia,539,1/1/2002
2003,Jul,rondonia,516,1/1/2003
2004,Jul,rondonia,1.233,1/1/2004
2005,Jul,rondonia,798,1/1/2005
2006,Jul,rondonia,314,1/1/2006
2007,Jul,rondonia,187,1/1/2007
2008,Jul,rondonia,138,1/1/2008
2009,Jul,rondonia,110,1/1/2009
2010,Jul,rondonia,747,1/1/2010
2011,Jul,rondonia,293,1/1/2011
2012,Jul,rondonia,205,1/1/2012
2013,Jul,rondonia,117,1/1/2013
2014,Jul,rondonia,192,1/1/2014
2015,Jul,rondonia,423,1/1/2015
2016,Jul,rondonia,969,1/1/2016
2017,Jul,rondonia,1.28,1/1/2017
1998,Aug,rondonia,2.254,1/1/1998
1999,Aug,rondonia,1.976,1/1/1999
2000,Aug,rondonia,2.197,1/1/2000
2001,Aug,rondonia,2.132,1/1/2001
2002,Aug,rondonia,3.465,1/1/2002
2003,Aug,rondonia,7.06,1/1/2003
2004,Aug,rondonia,6.893,1/1/2004
2005,Aug,rondonia,6.672,1/1/2005
2006,Aug,rondonia,3.124,1/1/2006
2007,Aug,rondonia,4.786,1/1/2007
2008,Aug,rondonia,1.251,1/1/2008
2009,Aug,rondonia,484,1/1/2009
2010,Aug,rondonia,4.388,1/1/2010
2011,Aug,rondonia,1.161,1/1/2011
2012,Aug,rondonia,2.209,1/1/2012
2013,Aug,rondonia,885,1/1/2013
2014,Aug,rondonia,3.038,1/1/2014
2015,Aug,rondonia,3.762,1/1/2015
2016,Aug,rondonia,3.675,1/1/2016
2017,Aug,rondonia,4.287,1/1/2017
1998,Sep,rondonia,3.753,1/1/1998
1999,Sep,rondonia,3.062,1/1/1999
2000,Sep,rondonia,2.438,1/1/2000
2001,Sep,rondonia,1.927,1/1/2001
2002,Sep,rondonia,7.067,1/1/2002
2003,Sep,rondonia,6.89,1/1/2003
2004,Sep,rondonia,13.05,1/1/2004
2005,Sep,rondonia,13.972,1/1/2005
2006,Sep,rondonia,9.92,1/1/2006
2007,Sep,rondonia,6.832,1/1/2007
2008,Sep,rondonia,3.726,1/1/2008
2009,Sep,rondonia,1.869,1/1/2009
2010,Sep,rondonia,4.893,1/1/2010
2011,Sep,rondonia,1.782,1/1/2011
2012,Sep,rondonia,2.471,1/1/2012
2013,Sep,rondonia,1.776,1/1/2013
2014,Sep,rondonia,2.8,1/1/2014
2015,Sep,rondonia,6.129,1/1/2015
2016,Sep,rondonia,4.208,1/1/2016
2017,Sep,rondonia,5.638,1/1/2017
1998,Oct,rondonia,483,1/1/1998
1999,Oct,rondonia,1.884,1/1/1999
2000,Oct,rondonia,644,1/1/2000
2001,Oct,rondonia,796,1/1/2001
2002,Oct,rondonia,3.554,1/1/2002
2003,Oct,rondonia,4.962,1/1/2003
2004,Oct,rondonia,3.094,1/1/2004
2005,Oct,rondonia,2.559,1/1/2005
2006,Oct,rondonia,1.148,1/1/2006
2007,Oct,rondonia,2.023,1/1/2007
2008,Oct,rondonia,1.482,1/1/2008
2009,Oct,rondonia,1.444,1/1/2009
2010,Oct,rondonia,1.307,1/1/2010
2011,Oct,rondonia,822,1/1/2011
2012,Oct,rondonia,1.229,1/1/2012
2013,Oct,rondonia,555,1/1/2013
2014,Oct,rondonia,1.063,1/1/2014
2015,Oct,rondonia,2.598,1/1/2015
2016,Oct,rondonia,1.844,1/1/2016
2017,Oct,rondonia,2.19,1/1/2017
1998,Nov,rondonia,3,1/1/1998
1999,Nov,rondonia,41,1/1/1999
2000,Nov,rondonia,13,1/1/2000
2001,Nov,rondonia,91,1/1/2001
2002,Nov,rondonia,,1/1/2002
2003,Nov,rondonia,526,1/1/2003
2004,Nov,rondonia,452,1/1/2004
2005,Nov,rondonia,465,1/1/2005
2006,Nov,rondonia,253,1/1/2006
2007,Nov,rondonia,53,1/1/2007
2008,Nov,rondonia,78,1/1/2008
2009,Nov,rondonia,128,1/1/2009
2010,Nov,rondonia,238,1/1/2010
2011,Nov,rondonia,245,1/1/2011
2012,Nov,rondonia,174,1/1/2012
2013,Nov,rondonia,108,1/1/2013
2014,Nov,rondonia,,1/1/2014
2015,Nov,rondonia,1.002,1/1/2015
2016,Nov,rondonia,401,1/1/2016
2017,Nov,rondonia,372,1/1/2017
1998,Dec,rondonia,33,1/1/1998
1999,Dec,rondonia,0,1/1/1999
2000,Dec,rondonia,7,1/1/2000
2001,Dec,rondonia,1,1/1/2001
2002,Dec,rondonia,91,1/1/2002
2003,Dec,rondonia,214,1/1/2003
2004,Dec,rondonia,208,1/1/2004
2005,Dec,rondonia,36,1/1/2005
2006,Dec,rondonia,4,1/1/2006
2007,Dec,rondonia,6,1/1/2007
2008,Dec,rondonia,2,1/1/2008
2009,Dec,rondonia,9,1/1/2009
2010,Dec,rondonia,158,1/1/2010
2011,Dec,rondonia,37,1/1/2011
2012,Dec,rondonia,50,1/1/2012
2013,Dec,rondonia,143,1/1/2013
2014,Dec,rondonia,,1/1/2014
2015,Dec,rondonia,282,1/1/2015
2016,Dec,rondonia,148,1/1/2016
1998,Jan,Roraima,0,1/1/1998
1999,Jan,Roraima,15,1/1/1999
2000,Jan,Roraima,18,1/1/2000
2001,Jan,Roraima,101,1/1/2001
2002,Jan,Roraima,302,1/1/2002
2003,Jan,Roraima,547,1/1/2003
2004,Jan,Roraima,355,1/1/2004
2005,Jan,Roraima,106,1/1/2005
2006,Jan,Roraima,70,1/1/2006
2007,Jan,Roraima,194,1/1/2007
2008,Jan,Roraima,245,1/1/2008
2009,Jan,Roraima,45,1/1/2009
2010,Jan,Roraima,351,1/1/2010
2011,Jan,Roraima,225,1/1/2011
2012,Jan,Roraima,217,1/1/2012
2013,Jan,Roraima,397,1/1/2013
2014,Jan,Roraima,355,1/1/2014
2015,Jan,Roraima,330,1/1/2015
2016,Jan,Roraima,1.754,1/1/2016
2017,Jan,Roraima,108,1/1/2017
1998,Feb,Roraima,0,1/1/1998
1999,Feb,Roraima,20,1/1/1999
2000,Feb,Roraima,57,1/1/2000
2001,Feb,Roraima,646,1/1/2001
2002,Feb,Roraima,476,1/1/2002
2003,Feb,Roraima,767,1/1/2003
2004,Feb,Roraima,259,1/1/2004
2005,Feb,Roraima,105,1/1/2005
2006,Feb,Roraima,283,1/1/2006
2007,Feb,Roraima,796,1/1/2007
2008,Feb,Roraima,138,1/1/2008
2009,Feb,Roraima,153,1/1/2009
2010,Feb,Roraima,,1/1/2010
2011,Feb,Roraima,112,1/1/2011
2012,Feb,Roraima,130,1/1/2012
2013,Feb,Roraima,62,1/1/2013
2014,Feb,Roraima,226,1/1/2014
2015,Feb,Roraima,418,1/1/2015
2016,Feb,Roraima,171,1/1/2016
2017,Feb,Roraima,129,1/1/2017
1998,Mar,Roraima,0,1/1/1998
1999,Mar,Roraima,98,1/1/1999
2000,Mar,Roraima,125,1/1/2000
2001,Mar,Roraima,1.108,1/1/2001
2002,Mar,Roraima,820,1/1/2002
2003,Mar,Roraima,1.131,1/1/2003
2004,Mar,Roraima,276,1/1/2004
2005,Mar,Roraima,244,1/1/2005
2006,Mar,Roraima,385,1/1/2006
2007,Mar,Roraima,665,1/1/2007
2008,Mar,Roraima,422,1/1/2008
2009,Mar,Roraima,176,1/1/2009
2010,Mar,Roraima,417,1/1/2010
2011,Mar,Roraima,91,1/1/2011
2012,Mar,Roraima,99,1/1/2012
2013,Mar,Roraima,179,1/1/2013
2014,Mar,Roraima,494,1/1/2014
2015,Mar,Roraima,163,1/1/2015
2016,Mar,Roraima,1.081,1/1/2016
2017,Mar,Roraima,216,1/1/2017
1998,Apr,Roraima,0,1/1/1998
1999,Apr,Roraima,16,1/1/1999
2000,Apr,Roraima,0,1/1/2000
2001,Apr,Roraima,380,1/1/2001
2002,Apr,Roraima,,1/1/2002
2003,Apr,Roraima,268,1/1/2003
2004,Apr,Roraima,182,1/1/2004
2005,Apr,Roraima,22,1/1/2005
2006,Apr,Roraima,201,1/1/2006
2007,Apr,Roraima,58,1/1/2007
2008,Apr,Roraima,175,1/1/2008
2009,Apr,Roraima,115,1/1/2009
2010,Apr,Roraima,15,1/1/2010
2011,Apr,Roraima,108,1/1/2011
2012,Apr,Roraima,25,1/1/2012
2013,Apr,Roraima,87,1/1/2013
2014,Apr,Roraima,162,1/1/2014
2015,Apr,Roraima,278,1/1/2015
2016,Apr,Roraima,126,1/1/2016
2017,Apr,Roraima,51,1/1/2017
1998,May,Roraima,0,1/1/1998
1999,May,Roraima,0,1/1/1999
2000,May,Roraima,7,1/1/2000
2001,May,Roraima,9,1/1/2001
2002,May,Roraima,0,1/1/2002
2003,May,Roraima,0,1/1/2003
2004,May,Roraima,2,1/1/2004
2005,May,Roraima,1,1/1/2005
2006,May,Roraima,0,1/1/2006
2007,May,Roraima,0,1/1/2007
2008,May,Roraima,8,1/1/2008
2009,May,Roraima,219,1/1/2009
2010,May,Roraima,3,1/1/2010
2011,May,Roraima,4,1/1/2011
2012,May,Roraima,18,1/1/2012
2013,May,Roraima,4,1/1/2013
2014,May,Roraima,58,1/1/2014
2015,May,Roraima,12,1/1/2015
2016,May,Roraima,22,1/1/2016
2017,May,Roraima,29,1/1/2017
1998,Jun,Roraima,,1/1/1998
1999,Jun,Roraima,3,1/1/1999
2000,Jun,Roraima,0,1/1/2000
2001,Jun,Roraima,1,1/1/2001
2002,Jun,Roraima,0,1/1/2002
2003,Jun,Roraima,0,1/1/2003
2004,Jun,Roraima,6,1/1/2004
2005,Jun,Roraima,5,1/1/2005
2006,Jun,Roraima,0,1/1/2006
2007,Jun,Roraima,1,1/1/2007
2008,Jun,Roraima,0,1/1/2008
2009,Jun,Roraima,16,1/1/2009
2010,Jun,Roraima,0,1/1/2010
2011,Jun,Roraima,6,1/1/2011
2012,Jun,Roraima,22,1/1/2012
2013,Jun,Roraima,6,1/1/2013
2014,Jun,Roraima,4,1/1/2014
2015,Jun,Roraima,3,1/1/2015
2016,Jun,Roraima,7,1/1/2016
2017,Jun,Roraima,4,1/1/2017
1998,Jul,Roraima,1,1/1/1998
1999,Jul,Roraima,4,1/1/1999
2000,Jul,Roraima,0,1/1/2000
2001,Jul,Roraima,1,1/1/2001
2002,Jul,Roraima,7,1/1/2002
2003,Jul,Roraima,0,1/1/2003
2004,Jul,Roraima,2,1/1/2004
2005,Jul,Roraima,2,1/1/2005
2006,Jul,Roraima,0,1/1/2006
2007,Jul,Roraima,3,1/1/2007
2008,Jul,Roraima,0,1/1/2008
2009,Jul,Roraima,18,1/1/2009
2010,Jul,Roraima,1,1/1/2010
2011,Jul,Roraima,9,1/1/2011
2012,Jul,Roraima,2,1/1/2012
2013,Jul,Roraima,4,1/1/2013
2014,Jul,Roraima,9,1/1/2014
2015,Jul,Roraima,5,1/1/2015
2016,Jul,Roraima,0,1/1/2016
2017,Jul,Roraima,3,1/1/2017
1998,Aug,Roraima,0,1/1/1998
1999,Aug,Roraima,1,1/1/1999
2000,Aug,Roraima,9,1/1/2000
2001,Aug,Roraima,4,1/1/2001
2002,Aug,Roraima,7,1/1/2002
2003,Aug,Roraima,2,1/1/2003
2004,Aug,Roraima,18,1/1/2004
2005,Aug,Roraima,9,1/1/2005
2006,Aug,Roraima,4,1/1/2006
2007,Aug,Roraima,2,1/1/2007
2008,Aug,Roraima,,1/1/2008
2009,Aug,Roraima,29,1/1/2009
2010,Aug,Roraima,3,1/1/2010
2011,Aug,Roraima,39,1/1/2011
2012,Aug,Roraima,4,1/1/2012
2013,Aug,Roraima,3,1/1/2013
2014,Aug,Roraima,12,1/1/2014
2015,Aug,Roraima,11,1/1/2015
2016,Aug,Roraima,11,1/1/2016
2017,Aug,Roraima,35,1/1/2017
1998,Sep,Roraima,2,1/1/1998
1999,Sep,Roraima,3,1/1/1999
2000,Sep,Roraima,12,1/1/2000
2001,Sep,Roraima,1,1/1/2001
2002,Sep,Roraima,48,1/1/2002
2003,Sep,Roraima,6,1/1/2003
2004,Sep,Roraima,9,1/1/2004
2005,Sep,Roraima,72,1/1/2005
2006,Sep,Roraima,40,1/1/2006
2007,Sep,Roraima,9,1/1/2007
2008,Sep,Roraima,17,1/1/2008
2009,Sep,Roraima,117,1/1/2009
2010,Sep,Roraima,18,1/1/2010
2011,Sep,Roraima,53,1/1/2011
2012,Sep,Roraima,67,1/1/2012
2013,Sep,Roraima,18,1/1/2013
2014,Sep,Roraima,67,1/1/2014
2015,Sep,Roraima,77,1/1/2015
2016,Sep,Roraima,19,1/1/2016
2017,Sep,Roraima,43,1/1/2017
1998,Oct,Roraima,1,1/1/1998
1999,Oct,Roraima,10,1/1/1999
2000,Oct,Roraima,25,1/1/2000
2001,Oct,Roraima,13,1/1/2001
2002,Oct,Roraima,191,1/1/2002
2003,Oct,Roraima,14,1/1/2003
2004,Oct,Roraima,53,1/1/2004
2005,Oct,Roraima,88,1/1/2005
2006,Oct,Roraima,135,1/1/2006
2007,Oct,Roraima,15,1/1/2007
2008,Oct,Roraima,78,1/1/2008
2009,Oct,Roraima,197,1/1/2009
2010,Oct,Roraima,64,1/1/2010
2011,Oct,Roraima,65,1/1/2011
2012,Oct,Roraima,152,1/1/2012
2013,Oct,Roraima,63,1/1/2013
2014,Oct,Roraima,61,1/1/2014
2015,Oct,Roraima,181,1/1/2015
2016,Oct,Roraima,101,1/1/2016
2017,Oct,Roraima,156,1/1/2017
1998,Nov,Roraima,1,1/1/1998
1999,Nov,Roraima,15,1/1/1999
2000,Nov,Roraima,32,1/1/2000
2001,Nov,Roraima,76,1/1/2001
2002,Nov,Roraima,133,1/1/2002
2003,Nov,Roraima,27,1/1/2003
2004,Nov,Roraima,135,1/1/2004
2005,Nov,Roraima,135,1/1/2005
2006,Nov,Roraima,26,1/1/2006
2007,Nov,Roraima,112,1/1/2007
2008,Nov,Roraima,39,1/1/2008
2009,Nov,Roraima,312,1/1/2009
2010,Nov,Roraima,27,1/1/2010
2011,Nov,Roraima,,1/1/2011
2012,Nov,Roraima,187,1/1/2012
2013,Nov,Roraima,106,1/1/2013
2014,Nov,Roraima,143,1/1/2014
2015,Nov,Roraima,280,1/1/2015
2016,Nov,Roraima,71,1/1/2016
2017,Nov,Roraima,327,1/1/2017
1998,Dec,Roraima,16,1/1/1998
1999,Dec,Roraima,35,1/1/1999
2000,Dec,Roraima,77,1/1/2000
2001,Dec,Roraima,76,1/1/2001
2002,Dec,Roraima,199,1/1/2002
2003,Dec,Roraima,157,1/1/2003
2004,Dec,Roraima,160,1/1/2004
2005,Dec,Roraima,71,1/1/2005
2006,Dec,Roraima,101,1/1/2006
2007,Dec,Roraima,8,1/1/2007
2008,Dec,Roraima,5,1/1/2008
2009,Dec,Roraima,290,1/1/2009
2010,Dec,Roraima,73,1/1/2010
2011,Dec,Roraima,249,1/1/2011
2012,Dec,Roraima,78,1/1/2012
2013,Dec,Roraima,65,1/1/2013
2014,Dec,Roraima,277,1/1/2014
2015,Dec,Roraima,304,1/1/2015
2016,Dec,Roraima,136,1/1/2016
1998,Jan,Santa Catarina,0,1/1/1998
1999,Jan,Santa Catarina,11,1/1/1999
2000,Jan,Santa Catarina,14,1/1/2000
2001,Jan,Santa Catarina,11,1/1/2001
2002,Jan,Santa Catarina,22,1/1/2002
2003,Jan,Santa Catarina,45,1/1/2003
2004,Jan,Santa Catarina,37,1/1/2004
2005,Jan,Santa Catarina,46,1/1/2005
2006,Jan,Santa Catarina,41,1/1/2006
2007,Jan,Santa Catarina,9,1/1/2007
2008,Jan,Santa Catarina,25,1/1/2008
2009,Jan,Santa Catarina,21,1/1/2009
2010,Jan,Santa Catarina,2,1/1/2010
2011,Jan,Santa Catarina,9,1/1/2011
2012,Jan,Santa Catarina,14,1/1/2012
2013,Jan,Santa Catarina,18,1/1/2013
2014,Jan,Santa Catarina,58,1/1/2014
2015,Jan,Santa Catarina,28,1/1/2015
2016,Jan,Santa Catarina,53,1/1/2016
2017,Jan,Santa Catarina,46,1/1/2017
1998,Feb,Santa Catarina,0,1/1/1998
1999,Feb,Santa Catarina,2,1/1/1999
2000,Feb,Santa Catarina,8,1/1/2000
2001,Feb,Santa Catarina,0,1/1/2001
2002,Feb,Santa Catarina,5,1/1/2002
2003,Feb,Santa Catarina,43,1/1/2003
2004,Feb,Santa Catarina,29,1/1/2004
2005,Feb,Santa Catarina,46,1/1/2005
2006,Feb,Santa Catarina,18,1/1/2006
2007,Feb,Santa Catarina,14,1/1/2007
2008,Feb,Santa Catarina,29,1/1/2008
2009,Feb,Santa Catarina,7,1/1/2009
2010,Feb,Santa Catarina,15,1/1/2010
2011,Feb,Santa Catarina,1,1/1/2011
2012,Feb,Santa Catarina,13,1/1/2012
2013,Feb,Santa Catarina,12,1/1/2013
2014,Feb,Santa Catarina,27,1/1/2014
2015,Feb,Santa Catarina,23,1/1/2015
2016,Feb,Santa Catarina,10,1/1/2016
2017,Feb,Santa Catarina,31,1/1/2017
1998,Mar,Santa Catarina,0,1/1/1998
1999,Mar,Santa Catarina,7,1/1/1999
2000,Mar,Santa Catarina,46,1/1/2000
2001,Mar,Santa Catarina,1,1/1/2001
2002,Mar,Santa Catarina,12,1/1/2002
2003,Mar,Santa Catarina,58,1/1/2003
2004,Mar,Santa Catarina,73,1/1/2004
2005,Mar,Santa Catarina,92,1/1/2005
2006,Mar,Santa Catarina,48,1/1/2006
2007,Mar,Santa Catarina,23,1/1/2007
2008,Mar,Santa Catarina,14,1/1/2008
2009,Mar,Santa Catarina,33,1/1/2009
2010,Mar,Santa Catarina,9,1/1/2010
2011,Mar,Santa Catarina,8,1/1/2011
2012,Mar,Santa Catarina,65,1/1/2012
2013,Mar,Santa Catarina,14,1/1/2013
2014,Mar,Santa Catarina,15,1/1/2014
2015,Mar,Santa Catarina,37,1/1/2015
2016,Mar,Santa Catarina,21,1/1/2016
2017,Mar,Santa Catarina,12,1/1/2017
1998,Apr,Santa Catarina,0,1/1/1998
1999,Apr,Santa Catarina,0,1/1/1999
2000,Apr,Santa Catarina,7,1/1/2000
2001,Apr,Santa Catarina,1,1/1/2001
2002,Apr,Santa Catarina,7,1/1/2002
2003,Apr,Santa Catarina,120,1/1/2003
2004,Apr,Santa Catarina,59,1/1/2004
2005,Apr,Santa Catarina,25,1/1/2005
2006,Apr,Santa Catarina,30,1/1/2006
2007,Apr,Santa Catarina,2,1/1/2007
2008,Apr,Santa Catarina,31,1/1/2008
2009,Apr,Santa Catarina,57,1/1/2009
2010,Apr,Santa Catarina,19,1/1/2010
2011,Apr,Santa Catarina,5,1/1/2011
2012,Apr,Santa Catarina,40,1/1/2012
2013,Apr,Santa Catarina,46,1/1/2013
2014,Apr,Santa Catarina,34,1/1/2014
2015,Apr,Santa Catarina,32,1/1/2015
2016,Apr,Santa Catarina,36,1/1/2016
2017,Apr,Santa Catarina,26,1/1/2017
1998,May,Santa Catarina,0,1/1/1998
1999,May,Santa Catarina,1,1/1/1999
2000,May,Santa Catarina,0,1/1/2000
2001,May,Santa Catarina,2,1/1/2001
2002,May,Santa Catarina,3,1/1/2002
2003,May,Santa Catarina,84,1/1/2003
2004,May,Santa Catarina,2,1/1/2004
2005,May,Santa Catarina,21,1/1/2005
2006,May,Santa Catarina,33,1/1/2006
2007,May,Santa Catarina,2,1/1/2007
2008,May,Santa Catarina,15,1/1/2008
2009,May,Santa Catarina,33,1/1/2009
2010,May,Santa Catarina,1,1/1/2010
2011,May,Santa Catarina,16,1/1/2011
2012,May,Santa Catarina,60,1/1/2012
2013,May,Santa Catarina,52,1/1/2013
2014,May,Santa Catarina,42,1/1/2014
2015,May,Santa Catarina,70,1/1/2015
2016,May,Santa Catarina,26,1/1/2016
2017,May,Santa Catarina,36,1/1/2017
1998,Jun,Santa Catarina,2,1/1/1998
1999,Jun,Santa Catarina,0,1/1/1999
2000,Jun,Santa Catarina,2,1/1/2000
2001,Jun,Santa Catarina,1,1/1/2001
2002,Jun,Santa Catarina,0,1/1/2002
2003,Jun,Santa Catarina,68,1/1/2003
2004,Jun,Santa Catarina,127,1/1/2004
2005,Jun,Santa Catarina,58,1/1/2005
2006,Jun,Santa Catarina,32,1/1/2006
2007,Jun,Santa Catarina,11,1/1/2007
2008,Jun,Santa Catarina,2,1/1/2008
2009,Jun,Santa Catarina,14,1/1/2009
2010,Jun,Santa Catarina,1,1/1/2010
2011,Jun,Santa Catarina,26,1/1/2011
2012,Jun,Santa Catarina,42,1/1/2012
2013,Jun,Santa Catarina,31,1/1/2013
2014,Jun,Santa Catarina,3,1/1/2014
2015,Jun,Santa Catarina,104,1/1/2015
2016,Jun,Santa Catarina,79,1/1/2016
2017,Jun,Santa Catarina,70,1/1/2017
1998,Jul,Santa Catarina,0,1/1/1998
1999,Jul,Santa Catarina,2,1/1/1999
2000,Jul,Santa Catarina,21,1/1/2000
2001,Jul,Santa Catarina,5,1/1/2001
2002,Jul,Santa Catarina,82,1/1/2002
2003,Jul,Santa Catarina,43,1/1/2003
2004,Jul,Santa Catarina,94,1/1/2004
2005,Jul,Santa Catarina,90,1/1/2005
2006,Jul,Santa Catarina,74,1/1/2006
2007,Jul,Santa Catarina,12,1/1/2007
2008,Jul,Santa Catarina,46,1/1/2008
2009,Jul,Santa Catarina,26,1/1/2009
2010,Jul,Santa Catarina,31,1/1/2010
2011,Jul,Santa Catarina,31,1/1/2011
2012,Jul,Santa Catarina,42,1/1/2012
2013,Jul,Santa Catarina,69,1/1/2013
2014,Jul,Santa Catarina,82,1/1/2014
2015,Jul,Santa Catarina,45,1/1/2015
2016,Jul,Santa Catarina,480,1/1/2016
2017,Jul,Santa Catarina,591,1/1/2017
1998,Aug,Santa Catarina,0,1/1/1998
1999,Aug,Santa Catarina,51,1/1/1999
2000,Aug,Santa Catarina,69,1/1/2000
2001,Aug,Santa Catarina,24,1/1/2001
2002,Aug,Santa Catarina,702,1/1/2002
2003,Aug,Santa Catarina,1.513,1/1/2003
2004,Aug,Santa Catarina,728,1/1/2004
2005,Aug,Santa Catarina,391,1/1/2005
2006,Aug,Santa Catarina,728,1/1/2006
2007,Aug,Santa Catarina,462,1/1/2007
2008,Aug,Santa Catarina,,1/1/2008
2009,Aug,Santa Catarina,759,1/1/2009
2010,Aug,Santa Catarina,511,1/1/2010
2011,Aug,Santa Catarina,175,1/1/2011
2012,Aug,Santa Catarina,398,1/1/2012
2013,Aug,Santa Catarina,236,1/1/2013
2014,Aug,Santa Catarina,459,1/1/2014
2015,Aug,Santa Catarina,379,1/1/2015
2016,Aug,Santa Catarina,,1/1/2016
2017,Aug,Santa Catarina,713,1/1/2017
1998,Sep,Santa Catarina,6,1/1/1998
1999,Sep,Santa Catarina,101,1/1/1999
2000,Sep,Santa Catarina,36,1/1/2000
2001,Sep,Santa Catarina,18,1/1/2001
2002,Sep,Santa Catarina,416,1/1/2002
2003,Sep,Santa Catarina,1.339,1/1/2003
2004,Sep,Santa Catarina,755,1/1/2004
2005,Sep,Santa Catarina,116,1/1/2005
2006,Sep,Santa Catarina,530,1/1/2006
2007,Sep,Santa Catarina,617,1/1/2007
2008,Sep,Santa Catarina,233,1/1/2008
2009,Sep,Santa Catarina,47,1/1/2009
2010,Sep,Santa Catarina,198,1/1/2010
2011,Sep,Santa Catarina,450,1/1/2011
2012,Sep,Santa Catarina,188,1/1/2012
2013,Sep,Santa Catarina,303,1/1/2013
2014,Sep,Santa Catarina,208,1/1/2014
2015,Sep,Santa Catarina,156,1/1/2015
2016,Sep,Santa Catarina,644,1/1/2016
2017,Sep,Santa Catarina,626,1/1/2017
1998,Oct,Santa Catarina,4,1/1/1998
1999,Oct,Santa Catarina,16,1/1/1999
2000,Oct,Santa Catarina,55,1/1/2000
2001,Oct,Santa Catarina,26,1/1/2001
2002,Oct,Santa Catarina,42,1/1/2002
2003,Oct,Santa Catarina,669,1/1/2003
2004,Oct,Santa Catarina,704,1/1/2004
2005,Oct,Santa Catarina,197,1/1/2005
2006,Oct,Santa Catarina,269,1/1/2006
2007,Oct,Santa Catarina,35,1/1/2007
2008,Oct,Santa Catarina,56,1/1/2008
2009,Oct,Santa Catarina,252,1/1/2009
2010,Oct,Santa Catarina,76,1/1/2010
2011,Oct,Santa Catarina,102,1/1/2011
2012,Oct,Santa Catarina,34,1/1/2012
2013,Oct,Santa Catarina,,1/1/2013
2014,Oct,Santa Catarina,122,1/1/2014
2015,Oct,Santa Catarina,21,1/1/2015
2016,Oct,Santa Catarina,56,1/1/2016
2017,Oct,Santa Catarina,51,1/1/2017
1998,Nov,Santa Catarina,21,1/1/1998
1999,Nov,Santa Catarina,84,1/1/1999
2000,Nov,Santa Catarina,19,1/1/2000
2001,Nov,Santa Catarina,66,1/1/2001
2002,Nov,Santa Catarina,348,1/1/2002
2003,Nov,Santa Catarina,347,1/1/2003
2004,Nov,Santa Catarina,279,1/1/2004
2005,Nov,Santa Catarina,384,1/1/2005
2006,Nov,Santa Catarina,45,1/1/2006
2007,Nov,Santa Catarina,26,1/1/2007
2008,Nov,Santa Catarina,16,1/1/2008
2009,Nov,Santa Catarina,61,1/1/2009
2010,Nov,Santa Catarina,88,1/1/2010
2011,Nov,Santa Catarina,79,1/1/2011
2012,Nov,Santa Catarina,72,1/1/2012
2013,Nov,Santa Catarina,84,1/1/2013
2014,Nov,Santa Catarina,43,1/1/2014
2015,Nov,Santa Catarina,9,1/1/2015
2016,Nov,Santa Catarina,156,1/1/2016
2017,Nov,Santa Catarina,152,1/1/2017
1998,Dec,Santa Catarina,26,1/1/1998
1999,Dec,Santa Catarina,89,1/1/1999
2000,Dec,Santa Catarina,29,1/1/2000
2001,Dec,Santa Catarina,45,1/1/2001
2002,Dec,Santa Catarina,76,1/1/2002
2003,Dec,Santa Catarina,129,1/1/2003
2004,Dec,Santa Catarina,68,1/1/2004
2005,Dec,Santa Catarina,17,1/1/2005
2006,Dec,Santa Catarina,7,1/1/2006
2007,Dec,Santa Catarina,17,1/1/2007
2008,Dec,Santa Catarina,29,1/1/2008
2009,Dec,Santa Catarina,20,1/1/2009
2010,Dec,Santa Catarina,23,1/1/2010
2011,Dec,Santa Catarina,24,1/1/2011
2012,Dec,Santa Catarina,32,1/1/2012
2013,Dec,Santa Catarina,,1/1/2013
2014,Dec,Santa Catarina,45,1/1/2014
2015,Dec,Santa Catarina,19,1/1/2015
2016,Dec,Santa Catarina,20,1/1/2016
1998,Jan,Sao Paulo,0,1/1/1998
1999,Jan,Sao Paulo,7,1/1/1999
2000,Jan,Sao Paulo,36,1/1/2000
2001,Jan,Sao Paulo,26,1/1/2001
2002,Jan,Sao Paulo,19,1/1/2002
2003,Jan,Sao Paulo,59,1/1/2003
2004,Jan,Sao Paulo,37,1/1/2004
2005,Jan,Sao Paulo,26,1/1/2005
2006,Jan,Sao Paulo,76,1/1/2006
2007,Jan,Sao Paulo,14,1/1/2007
2008,Jan,Sao Paulo,34,1/1/2008
2009,Jan,Sao Paulo,12,1/1/2009
2010,Jan,Sao Paulo,45,1/1/2010
2011,Jan,Sao Paulo,75,1/1/2011
2012,Jan,Sao Paulo,38,1/1/2012
2013,Jan,Sao Paulo,36,1/1/2013
2014,Jan,Sao Paulo,99,1/1/2014
2015,Jan,Sao Paulo,120,1/1/2015
2016,Jan,Sao Paulo,85,1/1/2016
2017,Jan,Sao Paulo,28,1/1/2017
1998,Feb,Sao Paulo,0,1/1/1998
1999,Feb,Sao Paulo,47,1/1/1999
2000,Feb,Sao Paulo,25,1/1/2000
2001,Feb,Sao Paulo,25,1/1/2001
2002,Feb,Sao Paulo,19,1/1/2002
2003,Feb,Sao Paulo,137,1/1/2003
2004,Feb,Sao Paulo,41,1/1/2004
2005,Feb,Sao Paulo,78,1/1/2005
2006,Feb,Sao Paulo,59,1/1/2006
2007,Feb,Sao Paulo,96,1/1/2007
2008,Feb,Sao Paulo,30,1/1/2008
2009,Feb,Sao Paulo,65,1/1/2009
2010,Feb,Sao Paulo,152,1/1/2010
2011,Feb,Sao Paulo,73,1/1/2011
2012,Feb,Sao Paulo,81,1/1/2012
2013,Feb,Sao Paulo,100,1/1/2013
2014,Feb,Sao Paulo,112,1/1/2014
2015,Feb,Sao Paulo,69,1/1/2015
2016,Feb,Sao Paulo,188,1/1/2016
2017,Feb,Sao Paulo,107,1/1/2017
1998,Mar,Sao Paulo,0,1/1/1998
1999,Mar,Sao Paulo,78,1/1/1999
2000,Mar,Sao Paulo,26,1/1/2000
2001,Mar,Sao Paulo,35,1/1/2001
2002,Mar,Sao Paulo,111,1/1/2002
2003,Mar,Sao Paulo,86,1/1/2003
2004,Mar,Sao Paulo,73,1/1/2004
2005,Mar,Sao Paulo,73,1/1/2005
2006,Mar,Sao Paulo,106,1/1/2006
2007,Mar,Sao Paulo,152,1/1/2007
2008,Mar,Sao Paulo,72,1/1/2008
2009,Mar,Sao Paulo,55,1/1/2009
2010,Mar,Sao Paulo,111,1/1/2010
2011,Mar,Sao Paulo,45,1/1/2011
2012,Mar,Sao Paulo,99,1/1/2012
2013,Mar,Sao Paulo,57,1/1/2013
2014,Mar,Sao Paulo,75,1/1/2014
2015,Mar,Sao Paulo,68,1/1/2015
2016,Mar,Sao Paulo,82,1/1/2016
2017,Mar,Sao Paulo,103,1/1/2017
1998,Apr,Sao Paulo,0,1/1/1998
1999,Apr,Sao Paulo,291,1/1/1999
2000,Apr,Sao Paulo,102,1/1/2000
2001,Apr,Sao Paulo,61,1/1/2001
2002,Apr,Sao Paulo,178,1/1/2002
2003,Apr,Sao Paulo,106,1/1/2003
2004,Apr,Sao Paulo,36,1/1/2004
2005,Apr,Sao Paulo,62,1/1/2005
2006,Apr,Sao Paulo,63,1/1/2006
2007,Apr,Sao Paulo,44,1/1/2007
2008,Apr,Sao Paulo,84,1/1/2008
2009,Apr,Sao Paulo,67,1/1/2009
2010,Apr,Sao Paulo,91,1/1/2010
2011,Apr,Sao Paulo,52,1/1/2011
2012,Apr,Sao Paulo,82,1/1/2012
2013,Apr,Sao Paulo,103,1/1/2013
2014,Apr,Sao Paulo,103,1/1/2014
2015,Apr,Sao Paulo,76,1/1/2015
2016,Apr,Sao Paulo,307,1/1/2016
2017,Apr,Sao Paulo,41,1/1/2017
1998,May,Sao Paulo,0,1/1/1998
1999,May,Sao Paulo,500,1/1/1999
2000,May,Sao Paulo,300,1/1/2000
2001,May,Sao Paulo,211,1/1/2001
2002,May,Sao Paulo,319,1/1/2002
2003,May,Sao Paulo,69,1/1/2003
2004,May,Sao Paulo,60,1/1/2004
2005,May,Sao Paulo,212,1/1/2005
2006,May,Sao Paulo,88,1/1/2006
2007,May,Sao Paulo,69,1/1/2007
2008,May,Sao Paulo,40,1/1/2008
2009,May,Sao Paulo,142,1/1/2009
2010,May,Sao Paulo,150,1/1/2010
2011,May,Sao Paulo,136,1/1/2011
2012,May,Sao Paulo,82,1/1/2012
2013,May,Sao Paulo,118,1/1/2013
2014,May,Sao Paulo,181,1/1/2014
2015,May,Sao Paulo,65,1/1/2015
2016,May,Sao Paulo,139,1/1/2016
2017,May,Sao Paulo,43,1/1/2017
1998,Jun,Sao Paulo,451,1/1/1998
1999,Jun,Sao Paulo,522,1/1/1999
2000,Jun,Sao Paulo,606,1/1/2000
2001,Jun,Sao Paulo,346,1/1/2001
2002,Jun,Sao Paulo,562,1/1/2002
2003,Jun,Sao Paulo,132,1/1/2003
2004,Jun,Sao Paulo,231,1/1/2004
2005,Jun,Sao Paulo,236,1/1/2005
2006,Jun,Sao Paulo,97,1/1/2006
2007,Jun,Sao Paulo,91,1/1/2007
2008,Jun,Sao Paulo,25,1/1/2008
2009,Jun,Sao Paulo,125,1/1/2009
2010,Jun,Sao Paulo,143,1/1/2010
2011,Jun,Sao Paulo,210,1/1/2011
2012,Jun,Sao Paulo,30,1/1/2012
2013,Jun,Sao Paulo,47,1/1/2013
2014,Jun,Sao Paulo,331,1/1/2014
2015,Jun,Sao Paulo,147,1/1/2015
2016,Jun,Sao Paulo,197,1/1/2016
2017,Jun,Sao Paulo,217,1/1/2017
1998,Jul,Sao Paulo,596,1/1/1998
1999,Jul,Sao Paulo,684,1/1/1999
2000,Jul,Sao Paulo,770,1/1/2000
2001,Jul,Sao Paulo,538,1/1/2001
2002,Jul,Sao Paulo,448,1/1/2002
2003,Jul,Sao Paulo,171,1/1/2003
2004,Jul,Sao Paulo,342,1/1/2004
2005,Jul,Sao Paulo,284,1/1/2005
2006,Jul,Sao Paulo,245,1/1/2006
2007,Jul,Sao Paulo,94,1/1/2007
2008,Jul,Sao Paulo,126,1/1/2008
2009,Jul,Sao Paulo,110,1/1/2009
2010,Jul,Sao Paulo,600,1/1/2010
2011,Jul,Sao Paulo,479,1/1/2011
2012,Jul,Sao Paulo,179,1/1/2012
2013,Jul,Sao Paulo,181,1/1/2013
2014,Jul,Sao Paulo,476,1/1/2014
2015,Jul,Sao Paulo,149,1/1/2015
2016,Jul,Sao Paulo,687,1/1/2016
2017,Jul,Sao Paulo,802,1/1/2017
1998,Aug,Sao Paulo,581,1/1/1998
1999,Aug,Sao Paulo,1.211,1/1/1999
2000,Aug,Sao Paulo,915,1/1/2000
2001,Aug,Sao Paulo,595,1/1/2001
2002,Aug,Sao Paulo,719,1/1/2002
2003,Aug,Sao Paulo,934,1/1/2003
2004,Aug,Sao Paulo,794,1/1/2004
2005,Aug,Sao Paulo,522,1/1/2005
2006,Aug,Sao Paulo,572,1/1/2006
2007,Aug,Sao Paulo,470,1/1/2007
2008,Aug,Sao Paulo,153,1/1/2008
2009,Aug,Sao Paulo,289,1/1/2009
2010,Aug,Sao Paulo,1.809,1/1/2010
2011,Aug,Sao Paulo,1.067,1/1/2011
2012,Aug,Sao Paulo,435,1/1/2012
2013,Aug,Sao Paulo,497,1/1/2013
2014,Aug,Sao Paulo,1.458,1/1/2014
2015,Aug,Sao Paulo,643,1/1/2015
2016,Aug,Sao Paulo,797,1/1/2016
2017,Aug,Sao Paulo,981,1/1/2017
1998,Sep,Sao Paulo,525,1/1/1998
1999,Sep,Sao Paulo,,1/1/1999
2000,Sep,Sao Paulo,582,1/1/2000
2001,Sep,Sao Paulo,425,1/1/2001
2002,Sep,Sao Paulo,302,1/1/2002
2003,Sep,Sao Paulo,977,1/1/2003
2004,Sep,Sao Paulo,809,1/1/2004
2005,Sep,Sao Paulo,231,1/1/2005
2006,Sep,Sao Paulo,694,1/1/2006
2007,Sep,Sao Paulo,495,1/1/2007
2008,Sep,Sao Paulo,486,1/1/2008
2009,Sep,Sao Paulo,116,1/1/2009
2010,Sep,Sao Paulo,1.677,1/1/2010
2011,Sep,Sao Paulo,1.108,1/1/2011
2012,Sep,Sao Paulo,813,1/1/2012
2013,Sep,Sao Paulo,560,1/1/2013
2014,Sep,Sao Paulo,882,1/1/2014
2015,Sep,Sao Paulo,368,1/1/2015
2016,Sep,Sao Paulo,490,1/1/2016
2017,Sep,Sao Paulo,2.868,1/1/2017
1998,Oct,Sao Paulo,434,1/1/1998
1999,Oct,Sao Paulo,763,1/1/1999
2000,Oct,Sao Paulo,647,1/1/2000
2001,Oct,Sao Paulo,444,1/1/2001
2002,Oct,Sao Paulo,733,1/1/2002
2003,Oct,Sao Paulo,422,1/1/2003
2004,Oct,Sao Paulo,195,1/1/2004
2005,Oct,Sao Paulo,221,1/1/2005
2006,Oct,Sao Paulo,153,1/1/2006
2007,Oct,Sao Paulo,281,1/1/2007
2008,Oct,Sao Paulo,87,1/1/2008
2009,Oct,Sao Paulo,64,1/1/2009
2010,Oct,Sao Paulo,260,1/1/2010
2011,Oct,Sao Paulo,188,1/1/2011
2012,Oct,Sao Paulo,206,1/1/2012
2013,Oct,Sao Paulo,127,1/1/2013
2014,Oct,Sao Paulo,887,1/1/2014
2015,Oct,Sao Paulo,,1/1/2015
2016,Oct,Sao Paulo,177,1/1/2016
2017,Oct,Sao Paulo,179,1/1/2017
1998,Nov,Sao Paulo,488,1/1/1998
1999,Nov,Sao Paulo,398,1/1/1999
2000,Nov,Sao Paulo,96,1/1/2000
2001,Nov,Sao Paulo,168,1/1/2001
2002,Nov,Sao Paulo,72,1/1/2002
2003,Nov,Sao Paulo,155,1/1/2003
2004,Nov,Sao Paulo,144,1/1/2004
2005,Nov,Sao Paulo,163,1/1/2005
2006,Nov,Sao Paulo,43,1/1/2006
2007,Nov,Sao Paulo,50,1/1/2007
2008,Nov,Sao Paulo,20,1/1/2008
2009,Nov,Sao Paulo,83,1/1/2009
2010,Nov,Sao Paulo,104,1/1/2010
2011,Nov,Sao Paulo,87,1/1/2011
2012,Nov,Sao Paulo,50,1/1/2012
2013,Nov,Sao Paulo,120,1/1/2013
2014,Nov,Sao Paulo,56,1/1/2014
2015,Nov,Sao Paulo,21,1/1/2015
2016,Nov,Sao Paulo,39,1/1/2016
2017,Nov,Sao Paulo,37,1/1/2017
1998,Dec,Sao Paulo,121,1/1/1998
1999,Dec,Sao Paulo,47,1/1/1999
2000,Dec,Sao Paulo,23,1/1/2000
2001,Dec,Sao Paulo,52,1/1/2001
2002,Dec,Sao Paulo,57,1/1/2002
2003,Dec,Sao Paulo,58,1/1/2003
2004,Dec,Sao Paulo,102,1/1/2004
2005,Dec,Sao Paulo,15,1/1/2005
2006,Dec,Sao Paulo,13,1/1/2006
2007,Dec,Sao Paulo,21,1/1/2007
2008,Dec,Sao Paulo,36,1/1/2008
2009,Dec,Sao Paulo,37,1/1/2009
2010,Dec,Sao Paulo,52,1/1/2010
2011,Dec,Sao Paulo,53,1/1/2011
2012,Dec,Sao Paulo,64,1/1/2012
2013,Dec,Sao Paulo,,1/1/2013
2014,Dec,Sao Paulo,57,1/1/2014
2015,Dec,Sao Paulo,45,1/1/2015
2016,Dec,Sao Paulo,47,1/1/2016
1998,Jan,Sergipe,0,1/1/1998
1999,Jan,Sergipe,36,1/1/1999
2000,Jan,Sergipe,1,1/1/2000
2001,Jan,Sergipe,2,1/1/2001
2002,Jan,Sergipe,1,1/1/2002
2003,Jan,Sergipe,198,1/1/2003
2004,Jan,Sergipe,16,1/1/2004
2005,Jan,Sergipe,80,1/1/2005
2006,Jan,Sergipe,36,1/1/2006
2007,Jan,Sergipe,56,1/1/2007
2008,Jan,Sergipe,100,1/1/2008
2009,Jan,Sergipe,60,1/1/2009
2010,Jan,Sergipe,29,1/1/2010
2011,Jan,Sergipe,36,1/1/2011
2012,Jan,Sergipe,39,1/1/2012
2013,Jan,Sergipe,34,1/1/2013
2014,Jan,Sergipe,20,1/1/2014
2015,Jan,Sergipe,44,1/1/2015
2016,Jan,Sergipe,9,1/1/2016
2017,Jan,Sergipe,31,1/1/2017
1998,Feb,Sergipe,0,1/1/1998
1999,Feb,Sergipe,25,1/1/1999
2000,Feb,Sergipe,6,1/1/2000
2001,Feb,Sergipe,2,1/1/2001
2002,Feb,Sergipe,6,1/1/2002
2003,Feb,Sergipe,50,1/1/2003
2004,Feb,Sergipe,10,1/1/2004
2005,Feb,Sergipe,19,1/1/2005
2006,Feb,Sergipe,36,1/1/2006
2007,Feb,Sergipe,22,1/1/2007
2008,Feb,Sergipe,67,1/1/2008
2009,Feb,Sergipe,64,1/1/2009
2010,Feb,Sergipe,33,1/1/2010
2011,Feb,Sergipe,31,1/1/2011
2012,Feb,Sergipe,34,1/1/2012
2013,Feb,Sergipe,47,1/1/2013
2014,Feb,Sergipe,18,1/1/2014
2015,Feb,Sergipe,40,1/1/2015
2016,Feb,Sergipe,22,1/1/2016
2017,Feb,Sergipe,18,1/1/2017
1998,Mar,Sergipe,0,1/1/1998
1999,Mar,Sergipe,18,1/1/1999
2000,Mar,Sergipe,6,1/1/2000
2001,Mar,Sergipe,1,1/1/2001
2002,Mar,Sergipe,7,1/1/2002
2003,Mar,Sergipe,62,1/1/2003
2004,Mar,Sergipe,36,1/1/2004
2005,Mar,Sergipe,28,1/1/2005
2006,Mar,Sergipe,41,1/1/2006
2007,Mar,Sergipe,2,1/1/2007
2008,Mar,Sergipe,43,1/1/2008
2009,Mar,Sergipe,29,1/1/2009
2010,Mar,Sergipe,44,1/1/2010
2011,Mar,Sergipe,47,1/1/2011
2012,Mar,Sergipe,71,1/1/2012
2013,Mar,Sergipe,,1/1/2013
2014,Mar,Sergipe,33,1/1/2014
2015,Mar,Sergipe,49,1/1/2015
2016,Mar,Sergipe,26,1/1/2016
2017,Mar,Sergipe,16,1/1/2017
1998,Apr,Sergipe,0,1/1/1998
1999,Apr,Sergipe,6,1/1/1999
2000,Apr,Sergipe,1,1/1/2000
2001,Apr,Sergipe,0,1/1/2001
2002,Apr,Sergipe,12,1/1/2002
2003,Apr,Sergipe,48,1/1/2003
2004,Apr,Sergipe,13,1/1/2004
2005,Apr,Sergipe,8,1/1/2005
2006,Apr,Sergipe,9,1/1/2006
2007,Apr,Sergipe,1,1/1/2007
2008,Apr,Sergipe,2,1/1/2008
2009,Apr,Sergipe,19,1/1/2009
2010,Apr,Sergipe,1,1/1/2010
2011,Apr,Sergipe,12,1/1/2011
2012,Apr,Sergipe,40,1/1/2012
2013,Apr,Sergipe,15,1/1/2013
2014,Apr,Sergipe,7,1/1/2014
2015,Apr,Sergipe,35,1/1/2015
2016,Apr,Sergipe,14,1/1/2016
2017,Apr,Sergipe,8,1/1/2017
1998,May,Sergipe,0,1/1/1998
1999,May,Sergipe,0,1/1/1999
2000,May,Sergipe,0,1/1/2000
2001,May,Sergipe,3,1/1/2001
2002,May,Sergipe,0,1/1/2002
2003,May,Sergipe,2,1/1/2003
2004,May,Sergipe,5,1/1/2004
2005,May,Sergipe,0,1/1/2005
2006,May,Sergipe,0,1/1/2006
2007,May,Sergipe,0,1/1/2007
2008,May,Sergipe,0,1/1/2008
2009,May,Sergipe,,1/1/2009
2010,May,Sergipe,0,1/1/2010
2011,May,Sergipe,0,1/1/2011
2012,May,Sergipe,17,1/1/2012
2013,May,Sergipe,1,1/1/2013
2014,May,Sergipe,1,1/1/2014
2015,May,Sergipe,11,1/1/2015
2016,May,Sergipe,9,1/1/2016
2017,May,Sergipe,1,1/1/2017
1998,Jun,Sergipe,0,1/1/1998
1999,Jun,Sergipe,0,1/1/1999
2000,Jun,Sergipe,0,1/1/2000
2001,Jun,Sergipe,0,1/1/2001
2002,Jun,Sergipe,0,1/1/2002
2003,Jun,Sergipe,0,1/1/2003
2004,Jun,Sergipe,0,1/1/2004
2005,Jun,Sergipe,0,1/1/2005
2006,Jun,Sergipe,0,1/1/2006
2007,Jun,Sergipe,0,1/1/2007
2008,Jun,Sergipe,0,1/1/2008
2009,Jun,Sergipe,2,1/1/2009
2010,Jun,Sergipe,,1/1/2010
2011,Jun,Sergipe,1,1/1/2011
2012,Jun,Sergipe,3,1/1/2012
2013,Jun,Sergipe,1,1/1/2013
2014,Jun,Sergipe,0,1/1/2014
2015,Jun,Sergipe,3,1/1/2015
2016,Jun,Sergipe,1,1/1/2016
2017,Jun,Sergipe,0,1/1/2017
1998,Jul,Sergipe,0,1/1/1998
1999,Jul,Sergipe,0,1/1/1999
2000,Jul,Sergipe,0,1/1/2000
2001,Jul,Sergipe,0,1/1/2001
2002,Jul,Sergipe,0,1/1/2002
2003,Jul,Sergipe,0,1/1/2003
2004,Jul,Sergipe,0,1/1/2004
2005,Jul,Sergipe,0,1/1/2005
2006,Jul,Sergipe,0,1/1/2006
2007,Jul,Sergipe,0,1/1/2007
2008,Jul,Sergipe,0,1/1/2008
2009,Jul,Sergipe,0,1/1/2009
2010,Jul,Sergipe,,1/1/2010
2011,Jul,Sergipe,0,1/1/2011
2012,Jul,Sergipe,1,1/1/2012
2013,Jul,Sergipe,0,1/1/2013
2014,Jul,Sergipe,0,1/1/2014
2015,Jul,Sergipe,0,1/1/2015
2016,Jul,Sergipe,0,1/1/2016
2017,Jul,Sergipe,0,1/1/2017
1998,Aug,Sergipe,0,1/1/1998
1999,Aug,Sergipe,0,1/1/1999
2000,Aug,Sergipe,,1/1/2000
2001,Aug,Sergipe,0,1/1/2001
2002,Aug,Sergipe,2,1/1/2002
2003,Aug,Sergipe,0,1/1/2003
2004,Aug,Sergipe,0,1/1/2004
2005,Aug,Sergipe,0,1/1/2005
2006,Aug,Sergipe,0,1/1/2006
2007,Aug,Sergipe,0,1/1/2007
2008,Aug,Sergipe,0,1/1/2008
2009,Aug,Sergipe,0,1/1/2009
2010,Aug,Sergipe,0,1/1/2010
2011,Aug,Sergipe,1,1/1/2011
2012,Aug,Sergipe,0,1/1/2012
2013,Aug,Sergipe,0,1/1/2013
2014,Aug,Sergipe,0,1/1/2014
2015,Aug,Sergipe,0,1/1/2015
2016,Aug,Sergipe,6,1/1/2016
2017,Aug,Sergipe,0,1/1/2017
1998,Sep,Sergipe,0,1/1/1998
1999,Sep,Sergipe,0,1/1/1999
2000,Sep,Sergipe,0,1/1/2000
2001,Sep,Sergipe,1,1/1/2001
2002,Sep,Sergipe,0,1/1/2002
2003,Sep,Sergipe,3,1/1/2003
2004,Sep,Sergipe,0,1/1/2004
2005,Sep,Sergipe,2,1/1/2005
2006,Sep,Sergipe,0,1/1/2006
2007,Sep,Sergipe,0,1/1/2007
2008,Sep,Sergipe,0,1/1/2008
2009,Sep,Sergipe,1,1/1/2009
2010,Sep,Sergipe,0,1/1/2010
2011,Sep,Sergipe,0,1/1/2011
2012,Sep,Sergipe,1,1/1/2012
2013,Sep,Sergipe,1,1/1/2013
2014,Sep,Sergipe,4,1/1/2014
2015,Sep,Sergipe,1,1/1/2015
2016,Sep,Sergipe,2,1/1/2016
2017,Sep,Sergipe,0,1/1/2017
1998,Oct,Sergipe,0,1/1/1998
1999,Oct,Sergipe,0,1/1/1999
2000,Oct,Sergipe,3,1/1/2000
2001,Oct,Sergipe,5,1/1/2001
2002,Oct,Sergipe,20,1/1/2002
2003,Oct,Sergipe,2,1/1/2003
2004,Oct,Sergipe,,1/1/2004
2005,Oct,Sergipe,11,1/1/2005
2006,Oct,Sergipe,3,1/1/2006
2007,Oct,Sergipe,3,1/1/2007
2008,Oct,Sergipe,0,1/1/2008
2009,Oct,Sergipe,1,1/1/2009
2010,Oct,Sergipe,1,1/1/2010
2011,Oct,Sergipe,5,1/1/2011
2012,Oct,Sergipe,1,1/1/2012
2013,Oct,Sergipe,3,1/1/2013
2014,Oct,Sergipe,3,1/1/2014
2015,Oct,Sergipe,6,1/1/2015
2016,Oct,Sergipe,10,1/1/2016
2017,Oct,Sergipe,0,1/1/2017
1998,Nov,Sergipe,12,1/1/1998
1999,Nov,Sergipe,3,1/1/1999
2000,Nov,Sergipe,0,1/1/2000
2001,Nov,Sergipe,5,1/1/2001
2002,Nov,Sergipe,57,1/1/2002
2003,Nov,Sergipe,2,1/1/2003
2004,Nov,Sergipe,41,1/1/2004
2005,Nov,Sergipe,23,1/1/2005
2006,Nov,Sergipe,5,1/1/2006
2007,Nov,Sergipe,7,1/1/2007
2008,Nov,Sergipe,17,1/1/2008
2009,Nov,Sergipe,9,1/1/2009
2010,Nov,Sergipe,16,1/1/2010
2011,Nov,Sergipe,4,1/1/2011
2012,Nov,Sergipe,6,1/1/2012
2013,Nov,Sergipe,7,1/1/2013
2014,Nov,Sergipe,9,1/1/2014
2015,Nov,Sergipe,47,1/1/2015
2016,Nov,Sergipe,17,1/1/2016
2017,Nov,Sergipe,1,1/1/2017
1998,Dec,Sergipe,8,1/1/1998
1999,Dec,Sergipe,5,1/1/1999
2000,Dec,Sergipe,0,1/1/2000
2001,Dec,Sergipe,5,1/1/2001
2002,Dec,Sergipe,103,1/1/2002
2003,Dec,Sergipe,36,1/1/2003
2004,Dec,Sergipe,66,1/1/2004
2005,Dec,Sergipe,29,1/1/2005
2006,Dec,Sergipe,17,1/1/2006
2007,Dec,Sergipe,33,1/1/2007
2008,Dec,Sergipe,14,1/1/2008
2009,Dec,Sergipe,21,1/1/2009
2010,Dec,Sergipe,19,1/1/2010
2011,Dec,Sergipe,36,1/1/2011
2012,Dec,Sergipe,18,1/1/2012
2013,Dec,Sergipe,9,1/1/2013
2014,Dec,Sergipe,9,1/1/2014
2015,Dec,Sergipe,63,1/1/2015
2016,Dec,Sergipe,36,1/1/2016
1998,Jan,Tocantins,0,1/1/1998
1999,Jan,Tocantins,36,1/1/1999
2000,Jan,Tocantins,15,1/1/2000
2001,Jan,Tocantins,19,1/1/2001
2002,Jan,Tocantins,35,1/1/2002
2003,Jan,Tocantins,35,1/1/2003
2004,Jan,Tocantins,40,1/1/2004
2005,Jan,Tocantins,66,1/1/2005
2006,Jan,Tocantins,91,1/1/2006
2007,Jan,Tocantins,34,1/1/2007
2008,Jan,Tocantins,28,1/1/2008
2009,Jan,Tocantins,43,1/1/2009
2010,Jan,Tocantins,79,1/1/2010
2011,Jan,Tocantins,14,1/1/2011
2012,Jan,Tocantins,12,1/1/2012
2013,Jan,Tocantins,50,1/1/2013
2014,Jan,Tocantins,89,1/1/2014
2015,Jan,Tocantins,186,1/1/2015
2016,Jan,Tocantins,42,1/1/2016
2017,Jan,Tocantins,61,1/1/2017
1998,Feb,Tocantins,0,1/1/1998
1999,Feb,Tocantins,1,1/1/1999
2000,Feb,Tocantins,6,1/1/2000
2001,Feb,Tocantins,6,1/1/2001
2002,Feb,Tocantins,48,1/1/2002
2003,Feb,Tocantins,15,1/1/2003
2004,Feb,Tocantins,7,1/1/2004
2005,Feb,Tocantins,27,1/1/2005
2006,Feb,Tocantins,14,1/1/2006
2007,Feb,Tocantins,8,1/1/2007
2008,Feb,Tocantins,6,1/1/2008
2009,Feb,Tocantins,21,1/1/2009
2010,Feb,Tocantins,32,1/1/2010
2011,Feb,Tocantins,13,1/1/2011
2012,Feb,Tocantins,45,1/1/2012
2013,Feb,Tocantins,37,1/1/2013
2014,Feb,Tocantins,73,1/1/2014
2015,Feb,Tocantins,65,1/1/2015
2016,Feb,Tocantins,383,1/1/2016
2017,Feb,Tocantins,25,1/1/2017
1998,Mar,Tocantins,0,1/1/1998
1999,Mar,Tocantins,1,1/1/1999
2000,Mar,Tocantins,4,1/1/2000
2001,Mar,Tocantins,0,1/1/2001
2002,Mar,Tocantins,33,1/1/2002
2003,Mar,Tocantins,19,1/1/2003
2004,Mar,Tocantins,23,1/1/2004
2005,Mar,Tocantins,13,1/1/2005
2006,Mar,Tocantins,11,1/1/2006
2007,Mar,Tocantins,99,1/1/2007
2008,Mar,Tocantins,4,1/1/2008
2009,Mar,Tocantins,23,1/1/2009
2010,Mar,Tocantins,120,1/1/2010
2011,Mar,Tocantins,16,1/1/2011
2012,Mar,Tocantins,80,1/1/2012
2013,Mar,Tocantins,60,1/1/2013
2014,Mar,Tocantins,58,1/1/2014
2015,Mar,Tocantins,85,1/1/2015
2016,Mar,Tocantins,165,1/1/2016
2017,Mar,Tocantins,98,1/1/2017
1998,Apr,Tocantins,0,1/1/1998
1999,Apr,Tocantins,9,1/1/1999
2000,Apr,Tocantins,0,1/1/2000
2001,Apr,Tocantins,19,1/1/2001
2002,Apr,Tocantins,37,1/1/2002
2003,Apr,Tocantins,64,1/1/2003
2004,Apr,Tocantins,52,1/1/2004
2005,Apr,Tocantins,52,1/1/2005
2006,Apr,Tocantins,4,1/1/2006
2007,Apr,Tocantins,22,1/1/2007
2008,Apr,Tocantins,46,1/1/2008
2009,Apr,Tocantins,5,1/1/2009
2010,Apr,Tocantins,419,1/1/2010
2011,Apr,Tocantins,106,1/1/2011
2012,Apr,Tocantins,226,1/1/2012
2013,Apr,Tocantins,130,1/1/2013
2014,Apr,Tocantins,187,1/1/2014
2015,Apr,Tocantins,88,1/1/2015
2016,Apr,Tocantins,369,1/1/2016
2017,Apr,Tocantins,164,1/1/2017
1998,May,Tocantins,0,1/1/1998
1999,May,Tocantins,24,1/1/1999
2000,May,Tocantins,69,1/1/2000
2001,May,Tocantins,48,1/1/2001
2002,May,Tocantins,138,1/1/2002
2003,May,Tocantins,96,1/1/2003
2004,May,Tocantins,350,1/1/2004
2005,May,Tocantins,236,1/1/2005
2006,May,Tocantins,,1/1/2006
2007,May,Tocantins,250,1/1/2007
2008,May,Tocantins,,1/1/2008
2009,May,Tocantins,91,1/1/2009
2010,May,Tocantins,580,1/1/2010
2011,May,Tocantins,354,1/1/2011
2012,May,Tocantins,467,1/1/2012
2013,May,Tocantins,373,1/1/2013
2014,May,Tocantins,618,1/1/2014
2015,May,Tocantins,512,1/1/2015
2016,May,Tocantins,778,1/1/2016
2017,May,Tocantins,576,1/1/2017
1998,Jun,Tocantins,252,1/1/1998
1999,Jun,Tocantins,113,1/1/1999
2000,Jun,Tocantins,278,1/1/2000
2001,Jun,Tocantins,305,1/1/2001
2002,Jun,Tocantins,396,1/1/2002
2003,Jun,Tocantins,329,1/1/2003
2004,Jun,Tocantins,1.079,1/1/2004
2005,Jun,Tocantins,669,1/1/2005
2006,Jun,Tocantins,289,1/1/2006
2007,Jun,Tocantins,591,1/1/2007
2008,Jun,Tocantins,282,1/1/2008
2009,Jun,Tocantins,421,1/1/2009
2010,Jun,Tocantins,767,1/1/2010
2011,Jun,Tocantins,717,1/1/2011
2012,Jun,Tocantins,922,1/1/2012
2013,Jun,Tocantins,873,1/1/2013
2014,Jun,Tocantins,1.372,1/1/2014
2015,Jun,Tocantins,1.15,1/1/2015
2016,Jun,Tocantins,1.148,1/1/2016
2017,Jun,Tocantins,1.32,1/1/2017
1998,Jul,Tocantins,640,1/1/1998
1999,Jul,Tocantins,373,1/1/1999
2000,Jul,Tocantins,500,1/1/2000
2001,Jul,Tocantins,830,1/1/2001
2002,Jul,Tocantins,976,1/1/2002
2003,Jul,Tocantins,762,1/1/2003
2004,Jul,Tocantins,1.389,1/1/2004
2005,Jul,Tocantins,1.082,1/1/2005
2006,Jul,Tocantins,430,1/1/2006
2007,Jul,Tocantins,982,1/1/2007
2008,Jul,Tocantins,441,1/1/2008
2009,Jul,Tocantins,989,1/1/2009
2010,Jul,Tocantins,2.408,1/1/2010
2011,Jul,Tocantins,1.001,1/1/2011
2012,Jul,Tocantins,1.693,1/1/2012
2013,Jul,Tocantins,1.393,1/1/2013
2014,Jul,Tocantins,1.404,1/1/2014
2015,Jul,Tocantins,1.217,1/1/2015
2016,Jul,Tocantins,2.737,1/1/2016
2017,Jul,Tocantins,,1/1/2017
1998,Aug,Tocantins,3.747,1/1/1998
1999,Aug,Tocantins,1.284,1/1/1999
2000,Aug,Tocantins,1.949,1/1/2000
2001,Aug,Tocantins,2.242,1/1/2001
2002,Aug,Tocantins,3.027,1/1/2002
2003,Aug,Tocantins,1.339,1/1/2003
2004,Aug,Tocantins,1.776,1/1/2004
2005,Aug,Tocantins,1.84,1/1/2005
2006,Aug,Tocantins,1.277,1/1/2006
2007,Aug,Tocantins,4.747,1/1/2007
2008,Aug,Tocantins,845,1/1/2008
2009,Aug,Tocantins,1.124,1/1/2009
2010,Aug,Tocantins,7.865,1/1/2010
2011,Aug,Tocantins,1.668,1/1/2011
2012,Aug,Tocantins,4.28,1/1/2012
2013,Aug,Tocantins,1.81,1/1/2013
2014,Aug,Tocantins,2.917,1/1/2014
2015,Aug,Tocantins,2.54,1/1/2015
2016,Aug,Tocantins,3.213,1/1/2016
2017,Aug,Tocantins,3.536,1/1/2017
1998,Sep,Tocantins,5.149,1/1/1998
1999,Sep,Tocantins,3.415,1/1/1999
2000,Sep,Tocantins,2.552,1/1/2000
2001,Sep,Tocantins,4.839,1/1/2001
2002,Sep,Tocantins,5.314,1/1/2002
2003,Sep,Tocantins,4.637,1/1/2003
2004,Sep,Tocantins,5.308,1/1/2004
2005,Sep,Tocantins,5.319,1/1/2005
2006,Sep,Tocantins,,1/1/2006
2007,Sep,Tocantins,6.829,1/1/2007
2008,Sep,Tocantins,2.39,1/1/2008
2009,Sep,Tocantins,2.017,1/1/2009
2010,Sep,Tocantins,10.172,1/1/2010
2011,Sep,Tocantins,4.658,1/1/2011
2012,Sep,Tocantins,7.46,1/1/2012
2013,Sep,Tocantins,2.445,1/1/2013
2014,Sep,Tocantins,3.52,1/1/2014
2015,Sep,Tocantins,5.51,1/1/2015
2016,Sep,Tocantins,3.245,1/1/2016
2017,Sep,Tocantins,10.737,1/1/2017
1998,Oct,Tocantins,1.738,1/1/1998
1999,Oct,Tocantins,1.378,1/1/1999
2000,Oct,Tocantins,1.053,1/1/2000
2001,Oct,Tocantins,684,1/1/2001
2002,Oct,Tocantins,1.537,1/1/2002
2003,Oct,Tocantins,1.339,1/1/2003
2004,Oct,Tocantins,1.658,1/1/2004
2005,Oct,Tocantins,2.913,1/1/2005
2006,Oct,Tocantins,1.176,1/1/2006
2007,Oct,Tocantins,2.252,1/1/2007
2008,Oct,Tocantins,2.832,1/1/2008
2009,Oct,Tocantins,718,1/1/2009
2010,Oct,Tocantins,2.272,1/1/2010
2011,Oct,Tocantins,1.591,1/1/2011
2012,Oct,Tocantins,3.68,1/1/2012
2013,Oct,Tocantins,2.155,1/1/2013
2014,Oct,Tocantins,4,1/1/2014
2015,Oct,Tocantins,4.844,1/1/2015
2016,Oct,Tocantins,2.032,1/1/2016
2017,Oct,Tocantins,2.969,1/1/2017
1998,Nov,Tocantins,,1/1/1998
1999,Nov,Tocantins,29,1/1/1999
2000,Nov,Tocantins,96,1/1/2000
2001,Nov,Tocantins,100,1/1/2001
2002,Nov,Tocantins,207,1/1/2002
2003,Nov,Tocantins,146,1/1/2003
2004,Nov,Tocantins,424,1/1/2004
2005,Nov,Tocantins,271,1/1/2005
2006,Nov,Tocantins,108,1/1/2006
2007,Nov,Tocantins,147,1/1/2007
2008,Nov,Tocantins,104,1/1/2008
2009,Nov,Tocantins,251,1/1/2009
2010,Nov,Tocantins,283,1/1/2010
2011,Nov,Tocantins,,1/1/2011
2012,Nov,Tocantins,179,1/1/2012
2013,Nov,Tocantins,345,1/1/2013
2014,Nov,Tocantins,451,1/1/2014
2015,Nov,Tocantins,833,1/1/2015
2016,Nov,Tocantins,623,1/1/2016
2017,Nov,Tocantins,434,1/1/2017
1998,Dec,Tocantins,9,1/1/1998
1999,Dec,Tocantins,16,1/1/1999
2000,Dec,Tocantins,20,1/1/2000
2001,Dec,Tocantins,21,1/1/2001
2002,Dec,Tocantins,39,1/1/2002
2003,Dec,Tocantins,109,1/1/2003
2004,Dec,Tocantins,96,1/1/2004
2005,Dec,Tocantins,53,1/1/2005
2006,Dec,Tocantins,15,1/1/2006
2007,Dec,Tocantins,13,1/1/2007
2008,Dec,Tocantins,7,1/1/2008
2009,Dec,Tocantins,46,1/1/2009
2010,Dec,Tocantins,72,1/1/2010
2011,Dec,Tocantins,105,1/1/2011
2012,Dec,Tocantins,128,1/1/2012
2013,Dec,Tocantins,85,1/1/2013
2014,Dec,Tocantins,223,1/1/2014
2015,Dec,Tocantins,373,1/1/2015
2016,Dec,Tocantins,119,1/1/2016
